0.000000000000000000e+00,0.000000000000000000e+00,0.000000000000000000e+00,0.000000000000000000e+00,0.000000000000000000e+00,0.000000000000000000e+00
-8.599250559855082830e-22,2.572373401307293580e-03,-2.873681287925141520e-03,3.013078866178489157e-04,-1.878754403298772663e-22,-9.600327385944871504e-19
-6.571461455000262303e-07,7.717120203921882041e-03,-8.621043863775424559e-03,9.037032723914166640e-04,-6.571461455000241127e-07,2.203874621265445337e-07
-4.600015469217543579e-06,1.543416052797984619e-02,-1.724181809784494646e-02,1.806114869451174408e-03,-4.600015469217540191e-06,1.542700413928998823e-06
-1.642839889578648452e-05,2.572298385939669058e-02,-2.873431711287539880e-02,3.005823898521131979e-03,-1.642839889578529190e-05,5.509354957571494095e-06
-4.271189889650397564e-05,3.858199113108868455e-02,-4.309330043657789988e-02,4.496987236652339251e-03,-4.271189889644541517e-05,1.432206883606396082e-05
-9.198527280763610836e-05,5.400753349699875111e-02,-6.030686026767594771e-02,6.268489875665972377e-03,-9.198527280649605622e-05,3.083689499506719433e-05
-1.747373836261330619e-04,7.199265953046091182e-02,-8.035236515575105987e-02,8.301152866976732603e-03,-1.747373836143754585e-04,5.855275814692455759e-05
-3.033897038793358309e-04,9.252559751427910650e-02,-1.031915406439338490e-01,1.056435364562027454e-02,-3.033897037983533012e-04,1.015894828895312239e-04
-4.922597479568535618e-04,1.155880230757802135e-01,-1.287648374816149632e-01,1.301216373789605002e-02,-4.922597475355713036e-04,1.646506619894145835e-04
-7.575048788715808617e-04,1.411531947502235040e-01,-1.569853361751831211e-01,1.557917483415590179e-02,-7.575048770913160156e-04,2.529665656829537977e-04
-1.117043017237507501e-03,1.691840786138283925e-01,-1.877325552896063066e-01,1.817626365800455168e-02,-1.117043010832895634e-03,3.722129274443415604e-04
-1.590449233535341528e-03,1.996316216656572051e-01,-2.208466527642496402e-01,2.068662766272540143e-02,-1.590449213280270904e-03,5.284031502561365150e-04
-2.198831221116370922e-03,2.324333617209312086e-01,-2.561236051776545342e-01,2.296248820624017736e-02,-2.198831163495321497e-03,7.277544379328344717e-04
-2.964692040362810858e-03,2.675125657431677295e-01,-2.933119809125600552e-01,2.482288057699445077e-02,-2.964691890384513716e-03,9.765324766865337864e-04
-3.911794546620335489e-03,3.047780558535552742e-01,-3.321118516998171621e-01,2.605290666961850021e-02,-3.911794184779856902e-03,1.280884068652101727e-03
-5.065047233397540483e-03,3.441248060650538010e-01,-3.721761918721881446e-01,2.640470265500670724e-02,-5.065046415946634038e-03,1.646671599900570567e-03
-6.450434181165724465e-03,3.854352787386283730e-01,-4.131148082802705845e-01,2.560017868671614349e-02,-6.450432437771607894e-03,2.079326179744101812e-03
-8.095010979883920238e-03,4.285813385039022871e-01,-4.545004804955600775e-01,2.333535528271336867e-02,-8.095007446358187808e-03,2.583736595973821180e-03
-1.002698337393190947e-02,4.734264647602114406e-01,-4.958766570004909391e-01,1.928590655706705070e-02,-1.002697652992673785e-02,3.164188369385870052e-03
-1.227587677575454200e-02,5.198279143265377433e-01,-5.367658383499125385e-01,1.311338089922862472e-02,-1.227586404803146861e-02,3.824361567192111500e-03
-1.487279473096171645e-02,5.676384835065765300e-01,-5.766777403550212844e-01,4.471541128501625023e-03,-1.487277191177171186e-02,4.567388931213121721e-03
-1.785075544269982065e-02,6.167075833833790544e-01,-6.151164708331334774e-01,-6.987651067532187413e-03,-1.785071585947077197e-02,5.395968982238307302e-03
-2.124508976837497648e-02,6.668814537253309194e-01,-6.515862199095030505e-01,-2.160872156008786238e-02,-2.124502312448088570e-02,6.312523516413499208e-03
-2.509388290894967385e-02,7.180024697621375518e-01,-6.855952749115349354e-01,-3.972817124873056355e-02,-2.509377369467272537e-02,7.319386005221962394e-03
-2.943844551614420782e-02,7.699076148345074255e-01,-7.166584495033559987e-01,-6.167073430192550332e-02,-2.943827086243545194e-02,8.419006676067623471e-03
-3.432380774084820008e-02,8.224262837989803065e-01,-7.442982139451910228e-01,-8.774627238378454597e-02,-3.432353455394947933e-02,9.614160694925924164e-03
-3.979924141971945273e-02,8.753776429751923827e-01,-7.680449150134429637e-01,-1.182471306257681237e-01,-3.979882258904599707e-02,1.090814689121137430e-02
-4.591883115533718085e-02,9.285678075846225399e-01,-7.874364930860346945e-01,-1.534457981863659448e-01,-4.591820056576585013e-02,1.230496499147406241e-02
-5.274213504913233264e-02,9.817871163428442127e-01,-8.020180670110310661e-01,-1.935927718321570901e-01,-5.274120104532983161e-02,1.380945882413780329e-02
-6.033500121123624993e-02,1.034807794065919051e+00,-8.113416940999380600e-01,-2.389145944116183862e-01,-6.033363804580098300e-02,1.542741123991033664e-02
-6.877063769844510288e-02,1.087382303094805547e+00,-8.149665490551553093e-01,-2.896121116828578868e-01,-6.876867433206459990e-02,1.716557365907005889e-02
-7.813107117442766314e-02,1.139242696408846456e+00,-8.124597239145479044e-01,-3.458590423880293918e-01,-7.812827656170981405e-02,1.903160945281859653e-02
-8.850917132646179963e-02,1.190101301333674089e+00,-8.033978519700448739e-01,-4.078009692044418655e-01,-8.850523498085836882e-02,2.103392601644081886e-02
-1.000114579629689110e-01,1.239653085331628324e+00,-7.873698262069477316e-01,-4.755548109891686304e-01,-1.000059640978028658e-01,2.318136539434160689e-02
-1.127619319181094454e-01,1.287580090370780583e+00,-7.639810493778677047e-01,-5.492087031030045141e-01,-1.127543247382443853e-01,2.548271720035439128e-02
-1.269071487924920694e-01,1.333558380603796722e+00,-7.328599616422228902e-01,-6.288219594123828360e-01,-1.268966854749088990e-01,2.794600920830184534e-02
-1.426226180985724901e-01,1.377268042890620769e+00,-6.936680924578917384e-01,-7.144243791309722313e-01,-1.426083045653182280e-01,3.057751868792168287e-02
-1.601202062197288334e-01,1.418406912718856994e+00,-6.461156051900183162e-01,-8.060135649101821675e-01,-1.601007089709796105e-01,3.338043023107018642e-02
-1.796552046413504300e-01,1.456708814767353477e+00,-5.899851667679704148e-01,-9.035481596426008233e-01,-1.796287300025134204e-01,3.635304682742152016e-02
-2.015293399147228826e-01,1.491966983705314442e+00,-5.251675609710484416e-01,-1.006934189616532027e+00,-2.014934713798613164e-01,3.948645894352303259e-02
-2.260807201059526761e-01,1.524062332480321302e+00,-4.517114894918276558e-01,-1.116001691357537906e+00,-2.260322090497367820e-01,4.276165146139095791e-02
-2.536410309035805333e-01,1.552992965508705359e+00,-3.698844734506080978e-01,-1.230471153496783820e+00,-2.535755562202586244e-01,4.614633496825231579e-02
-2.844227799657096933e-01,1.578893811077718201e+00,-2.802269341607582231e-01,-1.349916885479510720e+00,-2.843347504235320677e-01,4.959263283650314214e-02
-3.182868113524286446e-01,1.602024667913440448e+00,-1.835576885693946392e-01,-1.473748190888034104e+00,-3.181694097363179097e-01,5.303842972947439560e-02
-3.543923161258378252e-01,1.622709484759563781e+00,-8.088897382657343760e-02,-1.601234200492599902e+00,-3.542381443587545586e-01,5.641671654235737299e-02
-3.909617032534692393e-01,1.641274980568688591e+00,2.667550078947591996e-02,-1.731546878097083075e+00,-3.907642940727555914e-01,5.967358449074475907e-02
-4.256714346907955471e-01,1.658140603636176102e+00,1.377795314564695672e-01,-1.863691061069054022e+00,-4.254270681050575931e-01,6.278133133766916618e-02
-4.567284336100896902e-01,1.674087367449377473e+00,2.503253490875498866e-01,-1.996282519381887610e+00,-4.564367696656899120e-01,6.572733907623720673e-02
-4.835993492737567512e-01,1.690356647838136661e+00,3.613276872013911345e-01,-2.127504012743816286e+00,-4.832623187975915169e-01,6.849105114839672270e-02
-5.067174316827736114e-01,1.708348441035454357e+00,4.675709752729437230e-01,-2.255473714133540142e+00,-5.063376490833167987e-01,7.104118638341518077e-02
-5.268210026576604088e-01,1.729217245235062039e+00,5.664517056817962581e-01,-2.378696388791532446e+00,-5.264008510801044816e-01,7.335070329802792499e-02
-5.445705187682292614e-01,1.753681979148328463e+00,6.563391336205836035e-01,-2.496237506197264810e+00,-5.441119326539852752e-01,7.540742602089220425e-02
-5.604560589228836376e-01,1.782051406427118900e+00,7.364655685981054134e-01,-2.607634586922054964e+00,-5.599606200342761575e-01,7.721429830551219953e-02
-5.748205400389826414e-01,1.814334440896060441e+00,8.066478035828777982e-01,-2.712722399422582420e+00,-5.742896375561926670e-01,7.878488675356029591e-02
-5.879016884862291459e-01,1.850347163145068308e+00,8.670387653389495242e-01,-2.811486264574352578e+00,-5.873366568461018122e-01,8.013884549646424493e-02
-5.998656794877176290e-01,1.889790024519669265e+00,9.179633443661253667e-01,-2.903971562019334485e+00,-5.992678990519523241e-01,8.129874910085592432e-02
-6.108304299073474830e-01,1.932297807442320936e+00,9.598255865535370024e-01,-2.990238753449390607e+00,-6.102013943241116900e-01,8.228813280134465724e-02
-6.208814534891127224e-01,1.977471304830226595e+00,9.930616208725532301e-01,-3.070346707714217249e+00,-6.202228095015566156e-01,8.313028776463300684e-02
-6.300828638505707735e-01,2.024898080435871162e+00,1.018118151537451999e+00,-3.144351136725568985e+00,-6.293964281870222388e-01,8.384747718996335419e-02
-6.384851523431183118e-01,2.074166877024230082e+00,1.035443918205702252e+00,-3.212309903433457681e+00,-6.377729096318356383e-01,8.446039285985325329e-02
-6.461306886709479169e-01,2.124878135084680597e+00,1.045487060743417018e+00,-3.274290503296052979e+00,-6.453947742836656509e-01,8.498777299434404076e-02
-6.530575136169487482e-01,2.176651822874895004e+00,1.048694710128061036e+00,-3.330377202515197421e+00,-6.523001855400637483e-01,8.544615283145326479e-02
-6.593018066330845750e-01,2.229133121978532639e+00,1.045513048440354309e+00,-3.380676605985543315e+00,-6.585254105252100754e-01,8.584973735632193959e-02
-6.648993264060560904e-01,2.281996224060951040e+00,1.036387125884415283e+00,-3.425321190795346471e+00,-6.641062577469446504e-01,8.621038663050016593e-02
-6.698860821938270593e-01,2.334946406295336008e+00,1.021760266400262296e+00,-3.464470794597386938e+00,-6.690787488543221695e-01,8.653769876371587844e-02
-6.742984654691340785e-01,2.387720558525539882e+00,1.002073153983118914e+00,-3.498312310183903762e+00,-6.734792532357160022e-01,8.683916991584365863e-02
-6.781730406645249953e-01,2.440086371805830101e+00,9.777627932597786620e-01,-3.527057972509079598e+00,-6.773442833774174776e-01,8.712040774221273265e-02
-6.815461573295795716e-01,2.491840432164517338e+00,9.492615509121300477e-01,-3.550942670799994705e+00,-6.807101124708743178e-01,8.738537508377959562e-02
-6.844535063864921609e-01,2.542805481151490632e+00,9.169964500104932359e-01,-3.570220702958823544e+00,-6.836123362736744591e-01,8.763664383325871221e-02
-6.869297048025830854e-01,2.592827103539433242e+00,8.813888308672143124e-01,-3.585162332760851722e+00,-6.860854630441368673e-01,8.787564362638344839e-02
-6.890079596116466254e-01,2.641770086297104747e+00,8.428544231082276683e-01,-3.596050428861667925e+00,-6.881625821656581765e-01,8.810289516327471371e-02
-6.907198358457408149e-01,2.689514667921833357e+00,8.018038016928022982e-01,-3.603177371281793828e+00,-6.898751358644138465e-01,8.831822268753414251e-02
-6.920951339209582276e-01,2.735952869642111818e+00,7.586431286659996998e-01,-3.606842315610802707e+00,-6.912527995271635639e-01,8.852094392307921500e-02
-6.931618694765045996e-01,2.780985074565009985e+00,7.137750153825174193e-01,-3.607348814910269930e+00,-6.923234636657902286e-01,8.871003837810952086e-02
-6.939463411001167703e-01,2.824516999839767895e+00,6.675992803797724529e-01,-3.605002719932173694e+00,-6.931133030615174162e-01,8.888429636629066599e-02
-6.944732671737080532e-01,2.866457189833290897e+00,6.205133320064540881e-01,-3.600110215290007964e+00,-6.936469144516930196e-01,8.904245147718926889e-02
-6.947659708626836572e-01,2.906715141831910820e+00,5.729118819342757796e-01,-3.592975808974698371e+00,-6.939475019247485221e-01,8.918329871858843294e-02
-6.948465911110076609e-01,2.945200154209829613e+00,5.251857089261124933e-01,-3.583900082720412161e+00,-6.940370880304782553e-01,8.930579936017868370e-02
-6.947362969877306504e-01,2.981820953551539422e+00,4.777192560691164158e-01,-3.573177039086163020e+00,-6.939367280920959447e-01,8.940917189430665213e-02
-6.944554829866074197e-01,3.016486106262433076e+00,4.308869694764675407e-01,-3.561090952947897126e+00,-6.936667054514834563e-01,8.949296683924104490e-02
-6.940239244421947395e-01,3.049105150418745414e+00,3.850484708429767755e-01,-3.547912748308072572e+00,-6.932466869220547112e-01,8.955712177288202569e-02
-6.934608757621916197e-01,3.079590301021986054e+00,3.405428793791239750e-01,-3.533896061787462628e+00,-6.926958212320768471e-01,8.960199246095298942e-02
-6.927851000965667971e-01,3.107858501079215241e+00,2.976828173679701428e-01,-3.519273293834428884e+00,-6.920327691250512947e-01,8.962835660105114566e-02
-6.920148271210013746e-01,3.133833532854855441e+00,2.567487893983660396e-01,-3.504252049980526973e+00,-6.912756617977797724e-01,8.963738864764259073e-02
-6.911676446996884993e-01,3.157447888533116309e+00,2.179846628214417714e-01,-3.489012401752518144e+00,-6.904419934018058980e-01,8.963060712430820365e-02
-6.902603385335515096e-01,3.178644138299098199e+00,1.815948677428654845e-01,-3.473705331517780159e+00,-6.895484616412701495e-01,8.960979909252093922e-02
-6.893086996264429223e-01,3.197375621481878039e+00,1.477436945900660326e-01,-3.458452576941716927e+00,-6.886107762090236672e-01,8.957692916334188127e-02
-6.883273212827082377e-01,3.213606402120959604e+00,1.165567545029259494e-01,-3.443347895542316017e+00,-6.876434566850884167e-01,8.953404186997705738e-02
-6.873294052788667674e-01,3.227310545143287968e+00,8.812436240251989017e-02,-3.428459578588920476e+00,-6.866596394692249250e-01,8.948316603885420051e-02
-6.863265918311431957e-01,3.238470857263462399e+00,6.250637512822052044e-02,-3.413833901233175538e+00,-6.856709083269255656e-01,8.942622818957121633e-02
-6.853288216320085890e-01,3.247077283476658138e+00,3.973790489996757713e-02,-3.399499126361663848e+00,-6.846871568102295136e-01,8.936497952593266958e-02
-6.843442321475777801e-01,3.253125155521132239e+00,1.983532969843693899e-02,-3.385469682357899579e+00,-6.837164847593276695e-01,8.930093843628518491e-02
-6.833790856385507650e-01,3.256613463432785238e+00,2.802106335520797298e-03,-3.371750190454348761e+00,-6.827651263790796010e-01,8.923534815885240945e-02
-6.824377234107041890e-01,3.257543279975474437e+00,-1.136598251882301770e-02,-3.358339099210100098e+00,-6.818374044360361319e-01,8.916914768891495702e-02
-6.815225394960995331e-01,3.255916423590240250e+00,-2.267638629244687204e-02,-3.345231768166657460e+00,-6.809357038173087240e-01,8.910295316001111410e-02
-6.806339668984108249e-01,3.251734407497012480e+00,-3.113627877808396865e-02,-3.332422914142970871e+00,-6.800604576204207774e-01,8.903704670308333624e-02
-6.797704702258905440e-01,3.244997694891733619e+00,-3.675003567593645298e-02,-3.319908384749680863e+00,-6.792101396263260371e-01,8.897136998921352513e-02
-6.789285395841169191e-01,3.235705263359134776e+00,-3.951770211944342914e-02,-3.307686253935678611e+00,-6.783812580485236721e-01,8.890552011333510696e-02
-6.781026817441909715e-01,3.223854474084876021e+00,-3.943443568053353609e-02,-3.295757247002801815e+00,-6.775683465870617761e-01,8.883874604367542061e-02
-6.772854057088918411e-01,3.209441240725924960e+00,-3.649091067397563365e-02,-3.284124502456539751e+00,-6.767639499160270633e-01,8.876994446535402261e-02
-6.764672008382450752e-01,3.192460496256448899e+00,-3.067468153153179306e-02,-3.272792670537948201e+00,-6.759586017656392665e-01,8.869765445470445542e-02
-6.756365066978587963e-01,3.172906961249279068e+00,-2.197251906017958292e-02,-3.261766338347888095e+00,-6.751407947558815126e-01,8.862005103447503918e-02
-6.747796748150955981e-01,3.150776221488448936e+00,-1.037374628227511614e-02,-3.251047764020507547e+00,-6.742969421542421848e-01,8.853493829667148651e-02
-6.738809236192303542e-01,3.126066124085392417e+00,4.125397174622029775e-03,-3.240633902460469340e+00,-6.734113328149140543e-01,8.843974345734186004e-02
-6.729222890099672005e-01,3.098778496720398401e+00,2.151634961832742804e-02,-3.230512718163605079e+00,-6.724660817184274775e-01,8.833151392724095108e-02
-6.718835741706307152e-01,3.068921181366593309e+00,4.177181213287950445e-02,-3.220658812377608093e+00,-6.714410796961041150e-01,8.820692020935852473e-02
-6.707423032195336532e-01,3.036510349117387708e+00,6.483843475244210897e-02,-3.211028447758066395e+00,-6.703139468953049906e-01,8.806226807746424246e-02
-6.694736837133266061e-01,3.001573024765878284e+00,9.062883584550339433e-02,-3.201554137123283628e+00,-6.690599949586437667e-01,8.789352388311758024e-02
-6.680505823445733737e-01,2.964149699310650199e+00,1.190133467332065986e-01,-3.192139072388122667e+00,-6.676522022203604800e-01,8.769635673634737505e-02
-6.664435157638641805e-01,2.924296850810837345e+00,1.498120580613155339e-01,-3.182651795080673640e+00,-6.660612038199609231e-01,8.746620040760043346e-02
-6.646206537140674220e-01,2.882089140504284330e+00,1.827879199437882352e-01,-3.172921628780191128e+00,-6.642552939086840968e-01,8.719833582751486400e-02
-6.625478243582212379e-01,2.837621019912012876e+00,2.176417616515042286e-01,-3.162735471534714904e+00,-6.622004298460912874e-01,8.688799189578758075e-02
-6.601885023037893374e-01,2.791007497343106269e+00,2.540100848607747541e-01,-3.151836540972572376e+00,-6.598602189398704576e-01,8.653045815904843174e-02
-6.575037498382166889e-01,2.742383886321529296e+00,2.914662934369708913e-01,-3.139925541249556140e+00,-6.571958583284862598e-01,8.612119844996063422e-02
-6.544520735963111902e-01,2.691904496822612458e+00,3.295256389047834245e-01,-3.126664470231130366e+00,-6.541659903357549544e-01,8.565595090344714502e-02
-6.509891547067653272e-01,2.639740412065405106e+00,3.676536368394656140e-01,-3.111682941251915580e+00,-6.507264314564441543e-01,8.513079815241909876e-02
-6.470674117888056687e-01,2.586076674459963698e+00,4.052771661064890063e-01,-3.094586534000601574e+00,-6.468297344330724563e-01,8.454219289626559164e-02
-6.426353622063405435e-01,2.531109328914426193e+00,4.417970540272458946e-01,-3.074966412212972067e+00,-6.424245488759228184e-01,8.388692854588902792e-02
-6.376367544631504902e-01,2.475042796430656278e+00,4.766008012609604938e-01,-3.052409331884396781e+00,-6.374547533013803502e-01,8.316205138246039741e-02
-6.320094485718120714e-01,2.418087963569856669e+00,5.090742505105710913e-01,-3.026507237935303962e+00,-6.318583353697607707e-01,8.236471802534393871e-02
-6.256840165076631433e-01,2.360461198201970756e+00,5.386113919734499822e-01,-2.996865870283216271e+00,-6.255659923657236332e-01,8.149200836685931149e-02
-6.185820174576296404e-01,2.302384286746053110e+00,5.646219973251022095e-01,-2.963112089923081616e+00,-6.184994065808387953e-01,8.054070851229226669e-02
-6.106138699635741407e-01,2.244085082039976697e+00,5.865372480033740343e-01,-2.924899906054276411e+00,-6.105691176982571688e-01,7.950708058741874640e-02
-6.016761935410352979e-01,2.185798486405321928e+00,6.038138829530870222e-01,-2.881915380233743385e+00,-6.016718648329434371e-01,7.838663717860974711e-02
-5.916484240469962463e-01,2.127767280538473305e+00,6.159376114277782532e-01,-2.833880689246008888e+00,-5.916872026505487492e-01,7.717393851923989856e-02
-5.803884174631774862e-01,2.070242235960368049e+00,6.224266487604931397e-01,-2.780557667380882947e+00,-5.804731064387013140e-01,7.586243094150244004e-02
-5.677266438294141793e-01,2.013480897772970568e+00,6.228362989888340806e-01,-2.721751164508364074e+00,-5.678601680768461391e-01,7.444434559570656251e-02
-5.534584396548879459e-01,1.957744375238944512e+00,6.167655973442822681e-01,-2.657312598293886552e+00,-5.536438513379053905e-01,7.291067622822662575e-02
-5.373336528508408927e-01,1.903291415489754002e+00,6.038671976231120286e-01,-2.587144191980408348e+00,-5.375741403530235329e-01,7.125125209266583437e-02
-5.190429457977262517e-01,1.850368959882240816e+00,5.838619742756696596e-01,-2.511204602348923398e+00,-5.193418459203537063e-01,6.945491337423703726e-02
-4.982002102318132120e-01,1.799198329625478543e+00,5.565601596091680481e-01,-2.429516944188433225e+00,-4.985610209228979461e-01,6.750977515445992505e-02
-4.743214973462567263e-01,1.749956295013654906e+00,5.218909997202384465e-01,-2.342180489399634968e+00,-4.747478828613556079e-01,6.540351870060227835e-02
-4.468038517784455599e-01,1.702750954293981600e+00,4.799421011663984604e-01,-2.249387167026076995e+00,-4.472996209968167491e-01,6.312355015786862145e-02
-4.149154867455018825e-01,1.657594626666881510e+00,4.310057847825936039e-01,-2.151442362929917529e+00,-4.154845033860387060e-01,6.065667388599777637e-02
-3.778282564461529214e-01,1.614382201022934282e+00,3.756181563136946622e-01,-2.048784000490948998e+00,-3.784742000403789053e-01,5.798760287869649671e-02
-3.347641865693030128e-01,1.572897578693875476e+00,3.145490653723314600e-01,-1.941980197189167034e+00,-3.354900232869798549e-01,5.509529692133811885e-02
-2.853874500148467774e-01,1.532894158638845594e+00,2.486541649739986981e-01,-1.831661562256533315e+00,-2.861944309376784901e-01,5.194666829801453806e-02
-2.305613255332992217e-01,1.494301616654202691e+00,1.784814887487385926e-01,-1.718331458539661405e+00,-2.314474777061083510e-01,4.849143733695843173e-02
-1.731998566629150416e-01,1.457500194872196175e+00,1.037278176626863779e-01,-1.602091632766559748e+00,-1.741585961876618294e-01,4.467254734939318100e-02
-1.180592886603576974e-01,1.423313821107756283e+00,2.320994932551989631e-02,-1.482606690856394627e+00,-1.190797205914983642e-01,4.046893619697098515e-02
-6.958194253116559147e-02,1.392396909082596501e+00,-6.395997312001418245e-02,-1.359678044785460393e+00,-7.065166313835563594e-02,3.594495719162831004e-02
-2.967091320631790735e-02,1.364527094175452815e+00,-1.569289621405440260e-01,-1.233994560822648356e+00,-3.077930481269777058e-02,3.124185353657513847e-02
2.264667001492803866e-03,1.338576013902047723e+00,-2.529909230916019824e-01,-1.107211734932326275e+00,1.125036147041173773e-03,2.651912705773104562e-02
2.789241197113625018e-02,1.313006032648619925e+00,-3.486018238900377986e-01,-9.814164865063271792e-01,2.672615965485765702e-02,2.191042255323388116e-02
4.888284013024666447e-02,1.286366084038314206e+00,-4.404344204990291445e-01,-8.585518784762860012e-01,4.769268283973963907e-02,1.751023088064902755e-02
6.652368557199449250e-02,1.257565179203636863e+00,-5.259632471794641884e-01,-7.400970539054159136e-01,6.531119764756150581e-02,1.337588249299202434e-02
8.170720837801613567e-02,1.225937310754883214e+00,-6.035859518673172275e-01,-6.270105085059185512e-01,8.047330213838291280e-02,9.534821153009945607e-03
9.502747587173585031e-02,1.191184187281053575e+00,-6.724723712679301357e-01,-5.198283339770393141e-01,9.377267628179762615e-02,5.993151270075283699e-03
1.068777652638469577e-01,1.153277851268328824e+00,-7.323331122664198389e-01,-4.188039804962387924e-01,1.056023646540058397e-01,2.743217596004823670e-03
1.175214817015632907e-01,1.112370280301260506e+00,-7.832170183478837089e-01,-3.240251945495196684e-01,1.162256297340945599e-01,-2.307473403662077711e-04
1.271386616965300698e-01,1.068725183922818012e+00,-8.253695179580673447e-01,-2.354908577177932394e-01,1.258224204886958242e-01,-2.948840853636948336e-03
1.358555773533122180e-01,1.022670941741738559e+00,-8.591450989725446519e-01,-1.531536676112698614e-01,1.345189570827505787e-01,-5.433082672752246808e-03
1.437636577705932728e-01,9.745690406260559824e-01,-8.849572074117069143e-01,-7.694009867242528056e-02,1.424066406182235012e-01,-7.705895350326833447e-03
1.509317790340978516e-01,9.247928012787289820e-01,-9.032509495609951644e-01,-6.757349070685730874e-03,1.495543356205724650e-01,-9.789129468128690906e-03
1.574143635392835638e-01,8.737127998103798587e-01,-9.144886254407914583e-01,5.750616508697350970e-02,1.560164641797977536e-01,-1.170342845421484118e-02
1.632567393323232641e-01,8.216867944211748709e-01,-9.191420472365513517e-01,1.159828093218866485e-01,1.618383615189416258e-01,-1.346782048028976296e-02
1.684986451074076130e-01,7.690528892962937846e-01,-9.176882411363198599e-01,1.688280348179860002e-01,1.670597781618549937e-01,-1.509947676106651072e-02
1.731764517347886834e-01,7.161251898215442724e-01,-9.106067428993218638e-01,2.162219101610748095e-01,1.717170993261077361e-01,-1.661360051455460299e-02
1.773244929481799237e-01,6.631914652854777881e-01,-8.983776214516890901e-01,2.583694750186469880e-01,1.758446740222638083e-01,-1.802342094334753037e-02
1.809757901418745929e-01,6.105124508743230427e-01,-8.814798645487027517e-01,2.954998970038065220e-01,1.794755387065443686e-01,-1.934026998415131968e-02
1.841623838131806190e-01,5.583224652257078313e-01,-8.603900080749126156e-01,3.278646171034770851e-01,1.826417479376358788e-01,-2.057372091496122504e-02
1.869154297852485269e-01,5.068310371905889733e-01,-8.355809918187496743e-01,3.557347542317548794e-01,1.853744700971356740e-01,-2.173176941938365428e-02
1.892651745349540893e-01,4.562252483685265703e-01,-8.075212436920956582e-01,3.793980478481213670e-01,1.877039624303115384e-01,-2.282104005989634560e-02
1.912408880322210014e-01,4.066725156536158958e-01,-7.766739703272094175e-01,3.991555787365860808e-01,1.896595037542076201e-01,-2.384700415777437146e-02
1.928708035782876196e-01,3.583235623183723684e-01,-7.434965889404729911e-01,4.153184438149063462e-01,1.912693342711542233e-01,-2.481419834555623552e-02
1.941820916759561255e-01,3.113153557265725957e-01,-7.084401890434162130e-01,4.282044878316918490e-01,1.925606294817458486e-01,-2.572643605918989440e-02
1.952008782677728538e-01,2.657738226899840628e-01,-6.719488742289032590e-01,4.381351257965221957e-01,1.935595185044526045e-01,-2.658700661693874645e-02
1.959523058209581559e-01,2.218161887095522200e-01,-6.344588128565032958e-01,4.454322348544370036e-01,1.942911452611602863e-01,-2.739885812141800228e-02
1.964606277528712086e-01,1.795528251202265779e-01,-5.963968297287240983e-01,4.504150605422296838e-01,1.947797630108471234e-01,-2.816476123078533872e-02
1.967493217428123720e-01,1.390885297166911116e-01,-5.581784049063911457e-01,4.533970750044698517e-01,1.950488477720624947e-01,-2.888745103862856017e-02
1.968412049805791098e-01,1.005232130227461940e-01,-5.202050135804696662e-01,4.546827457598181521e-01,1.951212136843298028e-01,-2.956974415874271192e-02
1.967585340419835405e-01,6.395201392897306714e-02,-4.828608396654766044e-01,4.545642206640172489e-01,1.950191130015802299e-01,-3.021462797924862054e-02
1.965230737181773157e-01,2.946492234986960307e-02,-4.465090147440559099e-01,4.533180000230461748e-01,1.947643050488758742e-01,-3.082531928389935921e-02
1.961561226329716356e-01,-2.853962934288134523e-03,-4.114876536304238885e-01,4.512017368782683113e-01,1.943780819809091953e-01,-3.140529031097186174e-02
1.956784885574689159e-01,-3.292737428208226957e-02,-3.781060522375311872e-01,4.484513638160613214e-01,1.938812442543627612e-01,-3.195826193485349492e-02
1.951104123651387634e-01,-6.068582767901905400e-02,-3.466414565746818721e-01,4.452787717440933046e-01,1.932940247575028470e-01,-3.248816587859836708e-02
1.944714456555410864e-01,-8.606841035935290651e-02,-3.173367859382808520e-01,4.418702509017077840e-01,1.926359666225550271e-01,-3.299908032748569142e-02
1.937802921787311894e-01,-1.090232610927006213e-01,-2.903995970733274645e-01,4.383858452377937809e-01,1.919257648476955791e-01,-3.349514549780691769e-02
1.930546264414573221e-01,-1.295076562276569754e-01,-2.660024263367793407e-01,4.349596785486239403e-01,1.911810851029982217e-01,-3.398046712006019127e-02
1.923109038262586501e-01,-1.474876794334580576e-01,-2.442844750415486266e-01,4.317012040589165434e-01,1.904183740444353456e-01,-3.445901610438278917e-02
1.915641753168417227e-01,-1.629375141421340878e-01,-2.253544448579206660e-01,4.286972310109812279e-01,1.896526742233891061e-01,-3.493453184010764101e-02
1.908279170890952170e-01,-1.758384442404624937e-01,-2.092942141644492937e-01,4.260145106095677980e-01,1.888974538471805409e-01,-3.541043489416777212e-02
1.901138816367009265e-01,-1.861776749854331392e-01,-1.961629869208785792e-01,4.237026285441236606e-01,1.881644580582490789e-01,-3.588975274294987916e-02
1.894319735695652596e-01,-1.939470924903778370e-01,-1.860015415851555831e-01,4.217969514249683138e-01,1.874635848713197273e-01,-3.637506005340298415e-02
1.887901503436289763e-01,-1.991420707900950215e-01,-1.788362457962617835e-01,4.203214015140404602e-01,1.868027860301687271e-01,-3.686843327739730558e-02
1.881943462428832536e-01,-2.017604166983379410e-01,-1.746825649929414082e-01,4.192908765602923471e-01,1.861879911090803530e-01,-3.737141813461790363e-02
1.876484169640459665e-01,-2.018015204107772298e-01,-1.735478629355812208e-01,4.187131784948886493e-01,1.856230522141485151e-01,-3.788500797453209917e-02
1.871541020053126281e-01,-1.992657584410212901e-01,-1.754333571939056813e-01,4.185903584366777452e-01,1.851097064902630651e-01,-3.840963095766856961e-02
1.867110025147748209e-01,-1.941541772828430379e-01,-1.803351470357717756e-01,4.189194220278091296e-01,1.846475540929316261e-01,-3.894514435573458860e-02
1.863165730927033858e-01,-1.864684715649491675e-01,-1.882442741638698513e-01,4.196923681784188731e-01,1.842340501213564630e-01,-3.949083490238373961e-02
1.859661270790053111e-01,-1.762112584423475292e-01,-1.991458116304956616e-01,4.208955579881406006e-01,1.838645100445892022e-01,-4.004542490683871830e-02
1.856528559410082768e-01,-1.633866388149121662e-01,-2.130170084428431587e-01,4.225084325098826810e-01,1.835321292344369026e-01,-4.060708466241125941e-02
1.853678643708324691e-01,-1.480010237175944932e-01,-2.298245529253649388e-01,4.245016221355633057e-01,1.832280182106973132e-01,-4.117345244074455818e-02
1.851002234589013695e-01,-1.300641892117719856e-01,-2.495210621097932735e-01,4.268345202076823108e-01,1.829412559593134591e-01,-4.174166395515747224e-02
1.848370446526161059e-01,-1.095905044583486421e-01,-2.720409602783423475e-01,4.294524310064191663e-01,1.826589640243455048e-01,-4.230839348321755594e-02
1.845635769256213643e-01,-8.660025587774208833e-02,-2.972959764192574794e-01,4.322834470256960993e-01,1.823664037893170109e-01,-4.286990872667353208e-02
1.842633284567053997e-01,-6.112096780159186754e-02,-3.251705615100956570e-01,4.352352584443446859e-01,1.820470982361836743e-01,-4.342214082832856342e-02
1.839182119916453195e-01,-3.318860135854866111e-02,-3.555175897517899308e-01,4.381921409220991825e-01,1.816829773447948548e-01,-4.396076967695473903e-02
1.835087099390532162e-01,-2.848504907281043663e-03,-3.881547452453377178e-01,4.410123948233432012e-01,1.812545431754817860e-01,-4.448132272965744233e-02
1.830140514016346254e-01,2.984400189158187278e-02,-4.228619871896843740e-01,4.435265069009726169e-01,1.807410468315928387e-01,-4.497928323829396974e-02
1.824123893665261786e-01,6.482349697830327995e-02,-4.593804166566506919e-01,4.455362642038762089e-01,1.801206655264083190e-01,-4.545020133551809505e-02
1.816809630601643466e-01,1.020148096835512552e-01,-4.974127323362268482e-01,4.468149668823005460e-01,1.793706647667004939e-01,-4.588979941306362692e-02
1.807962290031293884e-01,1.413338188617835334e-01,-5.366252752259126346e-01,4.471087704331772050e-01,1.784675292006121239e-01,-4.629406213330659187e-02
1.797339453613493732e-01,1.826885769344422927e-01,-5.766514555340467307e-01,4.461390593106822622e-01,1.773870467417196506e-01,-4.665930163226365140e-02
1.784691980416902302e-01,2.259805743390795041e-01,-6.170961729954841379e-01,4.436056404662645503e-01,1.761043344326026494e-01,-4.698219006628350652e-02
1.769763631868659093e-01,2.711059178513728907e-01,-6.575407261558443572e-01,4.391904735436636953e-01,1.745938007139595793e-01,-4.725975431659542453e-02
1.752290082392198300e-01,3.179561902443606147e-01,-6.975476821678097128e-01,4.325616397244963496e-01,1.728290462721111254e-01,-4.748933078701991078e-02
1.731997412265378344e-01,3.664187876165476143e-01,-7.366652463391539785e-01,4.233772931004199380e-01,1.707827131111135099e-01,-4.766848110578066761e-02
1.708600241537343578e-01,4.163765859426430405e-01,-7.744308065028443488e-01,4.112894212862553966e-01,1.684262977154121210e-01,-4.779487161040112814e-02
1.681799705544902990e-01,4.677068570011916337e-01,-8.103734941422219284e-01,3.959473413846337775e-01,1.657299483291246323e-01,-4.786612050495371584e-02
1.651281490342097480e-01,5.202794232810018515e-01,-8.440157647064284729e-01,3.770009485946677064e-01,1.626622681474632071e-01,-4.787961663362592935e-02
1.616714139908777825e-01,5.739541033547974624e-01,-8.748741263233994481e-01,3.541037991375515781e-01,1.591901455663082832e-01,-4.783231329136939519e-02
1.577747816122913871e-01,6.285775505388813134e-01,-9.024592259918615689e-01,3.269161370966711666e-01,1.552786295470381106e-01,-4.772049990975898298e-02
1.534013634197204656e-01,6.839796299457098216e-01,-9.262755348209380513e-01,2.951079647632159353e-01,1.508908623292785078e-01,-4.753955434260400542e-02
1.485123603167144146e-01,7.399695162027705164e-01,-9.458208665959124684e-01,2.583622122675502952e-01,1.459880724227758941e-01,-4.728367927553053796e-02
1.430671061143351797e-01,7.963317302362860062e-01,-9.605859277822610398e-01,2.163779917712908563e-01,1.405296168392950462e-01,-4.694562829661157177e-02
1.370231293731470346e-01,8.528223711215865421e-01,-9.700540429777776419e-01,1.688738328143474243e-01,1.344730414200429880e-01,-4.651643050034862809e-02
1.303361747382438540e-01,9.091658381123126631e-01,-9.737011376573304622e-01,1.155906982643145064e-01,1.277741004842022354e-01,-4.598512702251735668e-02
1.229600889219076565e-01,9.650523760495499648e-01,-9.709959995621618711e-01,5.629448655759095727e-02,1.203866410431830847e-01,-4.533853819182990380e-02
1.148464323498745859e-01,1.020136810270465766e+00,-9.614007936550855726e-01,-9.222348602054807054e-03,1.122622127283929711e-01,-4.456108529388880940e-02
1.059436267887851335e-01,1.074038861442186521e+00,-9.443717931104212981e-01,-8.114046274638450629e-02,1.033492139148748795e-01,-4.363469529487217641e-02
9.619539446443274577e-02,1.126345448138323047e+00,-9.193603456716361588e-01,-1.596149293197224872e-01,9.359132972510053605e-02,-4.253881932601154270e-02
8.553818699555799931e-02,1.176615409838750903e+00,-8.858142845406660193e-01,-2.447783872691082774e-01,8.292496038296554017e-02,-4.125059595333982476e-02
7.389724074814808807e-02,1.224387154299288349e+00,-8.431804290205822117e-01,-3.367458579251277340e-01,7.127527658622356821e-02,-3.974518946711445150e-02
6.118081829218186690e-02,1.269189931644449043e+00,-7.909097001269783656e-01,-4.356203771295086291e-01,5.855046150404844690e-02,-3.799633569791897175e-02
4.727207934798332428e-02,1.310559908283935426e+00,-7.284680359644041259e-01,-5.414973854727312963e-01,4.463358252841673895e-02,-3.597714170923677068e-02
3.201782917720947391e-02,1.348063189013007257e+00,-6.553592704073956110e-01,-6.544637765573377841e-01,2.937134027680583792e-02,-3.366122554034257225e-02
1.521307467076820491e-02,1.381329728301229798e+00,-5.711711953616356308e-01,-7.745841549519755231e-01,1.255862446248454806e-02,-3.102436839895744702e-02
-3.420094006600326447e-03,1.410104929241438487e+00,-4.756638325353250152e-01,-9.018617591787132515e-01,-6.082606289176530762e-03,-2.804700486564726258e-02
-2.426085483215923225e-02,1.434329186170981263e+00,-3.689285501444913296e-01,-1.036155149288850996e+00,-2.693168027788056876e-02,-2.471809049259147614e-02
-4.782438978481890618e-02,1.454256415832073435e+00,-2.516504339976013971e-01,-1.177028638974388253e+00,-5.050395717350132652e-02,-2.104104105224767485e-02
-7.478906499293429266e-02,1.470609622499917224e+00,-1.254777324630126090e-01,-1.323530433976400023e+00,-7.747802393455435754e-02,-1.704209858883007356e-02
-1.059550859171437404e-01,1.484720016868364745e+00,6.617462255428002704e-03,-1.473962520509670249e+00,-1.086543764341534879e-01,-1.277968358885767791e-02
-1.419653356418110746e-01,1.498488507875550546e+00,1.403542808156751087e-01,-1.625854146507988762e+00,-1.446762833655401703e-01,-8.349293937396216891e-03
-1.825793570627705642e-01,1.513956603205750984e+00,2.710268477249501706e-01,-1.776427981448520210e+00,-1.853037209327490775e-01,-3.875504248067179747e-03
-2.258733934110681851e-01,1.532625294117870407e+00,3.949878100366323030e-01,-1.923427710970315951e+00,-2.286131820517553759e-01,5.101495151375486092e-04
-2.686988854067040022e-01,1.555234412756384854e+00,5.102184393432441789e-01,-2.065486238237674410e+00,-2.714559033507431551e-01,4.692388066375975490e-03
-3.084383894024914086e-01,1.582178959191548051e+00,6.155493105453786473e-01,-2.201764183883764048e+00,-3.112138670497572313e-01,8.586634863945480367e-03
-3.439734234893297438e-01,1.613796338358794102e+00,7.100500105206097867e-01,-2.331624455618431124e+00,-3.467679875372309262e-01,1.214473422746949367e-02
-3.753027448400821919e-01,1.650304124466021705e+00,7.930676237678777607e-01,-2.454607758944334694e+00,-3.781165862907160946e-01,1.535107289682321151e-02
-4.028827603038016014e-01,1.691713585203078241e+00,8.643162401666286687e-01,-2.570432768094012221e+00,-4.057158112964527330e-01,1.821282363747534286e-02
-4.272461856200556740e-01,1.737835765491226203e+00,9.238157034248812849e-01,-2.678936341473085125e+00,-4.300982454160298674e-01,2.075058993216322145e-02
-4.488610931628516099e-01,1.788331376369960646e+00,9.717810521788721179e-01,-2.780008546793257374e+00,-4.517319093672940156e-01,2.299197357826503196e-02
-4.681020354341131617e-01,1.842762550231196172e+00,1.008535906604662635e+00,-2.873554567986551067e+00,-4.709913562100017104e-01,2.496767557377207319e-02
-4.852603619549727409e-01,1.900634463391099427e+00,1.034461533625205654e+00,-2.959483073848008683e+00,-4.881679698517096266e-01,2.670913069704815984e-02
-5.005638996596809553e-01,1.961427284689883477e+00,1.049971347838703828e+00,-3.037710942597112052e+00,-5.034896326568941705e-01,2.824695549632532526e-02
-5.141956065389182706e-01,2.024621024726850127e+00,1.055499341236152411e+00,-3.108175192698687805e+00,-5.171393692338951409e-01,2.960983988017105648e-02
-5.263082222410621069e-01,2.089715047652762170e+00,1.051494699154252421e+00,-3.170846042086147065e+00,-5.292699891107139898e-01,3.082373529267024709e-02
-5.370345867182930721e-01,2.156243039205775425e+00,1.038418391568735277e+00,-3.225737650817342317e+00,-5.400143991945388633e-01,3.191129617425161186e-02
-5.464942139573688573e-01,2.223783707581445945e+00,1.016739895240361014e+00,-3.272914973453184828e+00,-5.494921730835846674e-01,3.289156081862860959e-02
-5.547969884382322192e-01,2.291967369609504868e+00,9.869335986471876598e-01,-3.312496413463335454e+00,-5.578132448275975319e-01,3.377985127552708688e-02
-5.620448678648758412e-01,2.360478658153427389e+00,9.494752005027784492e-01,-3.344652797970987024e+00,-5.650796104733400993e-01,3.458785546830968338e-02
-5.683323626101437487e-01,2.429055721448653227e+00,9.048387918303659738e-01,-3.369603691181703997e+00,-5.713858075033089179e-01,3.532384251128475872e-02
-5.737463902113952852e-01,2.497486377115262890e+00,8.534954817136531924e-01,-3.387612321484352762e+00,-5.768187701262438294e-01,3.599295974300942280e-02
-5.783659212945255756e-01,2.565601695346024336e+00,7.959144908525342954e-01,-3.398980477024822644e+00,-5.814574764472625334e-01,3.659756702513940196e-02
-5.822616753071259144e-01,2.633267421815951081e+00,7.325676432524075299e-01,-3.404044678847636618e+00,-5.853726456221048924e-01,3.713757768360127776e-02
-5.854960082635202179e-01,2.700373545937041264e+00,6.639381282283665087e-01,-3.403174795369481753e+00,-5.886266270101244702e-01,3.761079317745683048e-02
-5.881230643840446026e-01,2.766822235335403057e+00,5.905342056537714601e-01,-3.396775999406234980e+00,-5.912735531029174041e-01,3.801323812759813126e-02
-5.901892333273989211e-01,2.832514384246357597e+00,5.129080141105601953e-01,-3.385294505977653134e+00,-5.933597978894992186e-01,3.833952237618235698e-02
-5.917339521146945946e-01,2.897335286701664625e+00,4.316785307327695720e-01,-3.369226703922377109e+00,-5.949247797693931750e-01,3.858327525592748775e-02
-5.927908963645983631e-01,2.961140581573277863e+00,3.475556888120615584e-01,-3.349129902200450815e+00,-5.960021536806442422e-01,3.873770903619223188e-02
-5.933895906647084217e-01,3.023744681542395174e+00,2.613595572970237035e-01,-3.325630866305662625e+00,-5.966214223338749401e-01,3.879636239200496411e-02
-5.935573974180580192e-01,3.084915156189975249e+00,1.740249826373637121e-01,-3.299426020986671482e+00,-5.968099259530693645e-01,3.875403346834913054e-02
-5.933216931842533182e-01,3.144377195746918652e+00,8.658035649532758171e-02,-3.271265998705591205e+00,-5.965950195672160561e-01,3.860782181500663907e-02
-5.927118405529568923e-01,3.201831016250197504e+00,9.277507481227076358e-05,-3.241919389838182841e+00,-5.960060458408761308e-01,3.835807302417233722e-02
-5.917604330271947211e-01,3.256980963189625378e+00,-8.441678095402935234e-02,-3.212117694166384041e+00,-5.950755807828710386e-01,3.800892675245733793e-02
-5.905033985937353513e-01,3.309569332265935859e+00,-1.660688904490139894e-01,-3.182493519608346588e+00,-5.938395378279617276e-01,3.756821004260419566e-02
-5.889789409380898899e-01,3.359404352689185025e+00,-2.442027783037180599e-01,-3.153530409569079929e+00,-5.923361091257904887e-01,3.704663456841202768e-02
-5.872257649116087164e-01,3.406373809651681572e+00,-3.184119138051245690e-01,-3.125539223365729757e+00,-5.906039906709819043e-01,3.645653854898882329e-02
-5.852812510519306288e-01,3.450442443963899208e+00,-3.885335248545868092e-01,-3.098664313616088517e+00,-5.886805562440450279e-01,3.581056731038717578e-02
-5.831800971753974272e-01,3.491637689894445895e+00,-4.546051920229972065e-01,-3.072911320067041263e+00,-5.866004983903326808e-01,3.512062239156836518e-02
-5.809536130394166165e-01,3.530030718043863924e+00,-5.168082704936394212e-01,-3.048183972660342356e+00,-5.843951225812604733e-01,3.439721811115118572e-02
-5.786295814716794217e-01,3.565718352485178766e+00,-5.754139179951649474e-01,-3.024319648708030162e+00,-5.820922080054266035e-01,3.364921320097462309e-02
-5.762324869098843783e-01,3.598808663742588454e+00,-6.307397285194634717e-01,-3.001118337545620740e+00,-5.797162359156432521e-01,3.288380452934051845e-02
-5.737839223354068707e-01,3.629410802011844517e+00,-6.831186623428738836e-01,-2.978363734754271963e+00,-5.772887964711620468e-01,3.210666608938494981e-02
-5.713030440914087515e-01,3.657628468729560822e+00,-7.328786381318075360e-01,-2.955837387044043307e+00,-5.748290435229541639e-01,3.132214715019051438e-02
-5.688070024151060666e-01,3.683556076406154123e+00,-7.803301233169331885e-01,-2.933327535328898783e+00,-5.723541251413433173e-01,3.053347807678556680e-02
-5.663113164527069365e-01,3.707276715385785959e+00,-8.257592126275630218e-01,-2.910634252243430975e+00,-5.698795586366451893e-01,2.974295836765092002e-02
-5.638301860217609374e-01,3.728861253280291610e+00,-8.694242428826233215e-01,-2.887572139875501875e+00,-5.674195423289078999e-01,2.895211749872482476e-02
-5.613767436805082722e-01,3.748368102563888193e+00,-9.115545708986142470e-01,-2.863971495392351407e+00,-5.649872076233266593e-01,2.816184769770134835e-02
-5.589632548299979797e-01,3.765843357819999682e+00,-9.523506057727928464e-01,-2.839678558780810214e+00,-5.625948191170538903e-01,2.737251165948898987e-02
-5.566012740903123479e-01,3.781321121337064106e+00,-9.919845186119640168e-01,-2.814555243990193301e+00,-5.602539309799731138e-01,2.658402955928002714e-02
-5.543017650819991315e-01,3.794823913282031835e+00,-1.030601274896135733e+00,-2.788478610266692304e+00,-5.579755067420939518e-01,2.579594982124305477e-02
-5.520751890614542523e-01,3.806363111881261752e+00,-1.068319777329899356e+00,-2.761340236427959116e+00,-5.557700079376861613e-01,2.500750767562011020e-02
-5.499315660966483943e-01,3.815939399382878960e+00,-1.105233996018708087e+00,-2.733045601409828329e+00,-5.536474552935061189e-01,2.421767494823904437e-02
-5.478805108244825250e-01,3.823543207915701903e+00,-1.141414017023328453e+00,-2.703513537778250875e+00,-5.516174645028320001e-01,2.342520394048701673e-02
-5.459312433592318214e-01,3.829155170303241373e+00,-1.176906972692236097e+00,-2.672675802826584679e+00,-5.496892571546271311e-01,2.262866773832035092e-02
-5.440925746209213099e-01,3.832746587392779514e+00,-1.211737836099241461e+00,-2.640476798893180099e+00,-5.478716460859349713e-01,2.182649884896442974e-02
-5.423728642063694316e-01,3.834279927344959482e+00,-1.245910072830006099e+00,-2.606873467041941783e+00,-5.461729932788743636e-01,2.101702769304717236e-02
-5.407799479258069697e-01,3.833709374673862413e+00,-1.279406149677377647e+00,-2.571835373888329723e+00,-5.446011374231256585e-01,2.019852215722629796e-02
-5.393210312878953250e-01,3.830981448209995310e+00,-1.312187903651029997e+00,-2.535345008544866108e+00,-5.431632874240399644e-01,1.936922911317301432e-02
-5.380025445792433469e-01,3.826035707823329357e+00,-1.344196777395712861e+00,-2.497398304303683592e+00,-5.418658774991084170e-01,1.852741850733998982e-02
-5.368299548306351143e-01,3.818805569701629654e+00,-1.375353929437618028e+00,-2.458005396957531286e+00,-5.407143791510168329e-01,1.767143029729349724e-02
-5.358075300090153759e-01,3.809219249072179458e+00,-1.405560230093021667e+00,-2.417191627946194465e+00,-5.397130653518438237e-01,1.679972413197331274e-02
-5.349380513755257471e-01,3.797200847198257456e+00,-1.434696156597822680e+00,-2.374998795275272911e+00,-5.388647228739513739e-01,1.591093122725388900e-02
-5.342224712838746781e-01,3.782671595902585171e+00,-1.462621604098694350e+00,-2.331486647953187941e+00,-5.381703100372422499e-01,1.500390736496175041e-02
-5.336595159386829934e-01,3.765551267348228759e+00,-1.489175632492678591e+00,-2.286734610200711781e+00,-5.376285593885430369e-01,1.407778534617626018e-02
-5.332452359272090714e-01,3.745759748927044885e+00,-1.514176172491241257e+00,-2.240843709725239830e+00,-5.372355281241372182e-01,1.313202457973178076e-02
-5.329725117131514089e-01,3.723218772521494913e+00,-1.537419717375306361e+00,-2.193938669955289189e+00,-5.369841034442347505e-01,1.216645483020900413e-02
