0.000000000000000000e+00,1.000000000000000000e+00,0.000000000000000000e+00,0.000000000000000000e+00,0.000000000000000000e+00,0.000000000000000000e+00
-3.285844084255890138e-04,1.001478917857093309e+00,-1.707497545405207420e-03,1.645862942830674913e-04,-1.775349135446641763e-04,6.399339402889067413e-05
-9.867729915912575814e-04,1.004436981360960379e+00,-5.122972939350029994e-03,4.939397146415173924e-04,-5.331710534157242448e-04,1.921009511302787108e-04
-1.977610262254090277e-03,1.008869181729350917e+00,-1.023516371414038943e-02,9.815125627005271552e-04,-1.068616225287483644e-03,3.848142402060049675e-04
-3.306168378409275223e-03,1.014765203911581759e+00,-1.702084066705946558e-02,1.613877702928115995e-03,-1.786722686033262886e-03,6.429974353699881859e-04
-4.979547011246106443e-03,1.022109326609033531e+00,-2.544447511617613233e-02,2.370503653357069768e-03,-2.691489700112410788e-03,9.678892703113158545e-04
-7.006869710252121644e-03,1.030880299240808151e+00,-3.545781998686425157e-02,3.223471125456547817e-03,-3.788065443569840329e-03,1.361105195643487562e-03
-9.399276321140978205e-03,1.041051207245151433e+00,-4.699944033487052364e-02,4.137155251418950762e-03,-5.082748016452639378e-03,1.824639890605678693e-03
-1.216991112132851868e-02,1.052589341026015424e+00,-5.999424117456229888e-02,5.067905987638916115e-03,-6.582985377371533726e-03,2.360870422621608872e-03
-1.533390653931620759e-02,1.065456087234547100e+00,-7.435305115386860175e-02,5.963766322436126963e-03,-8.297374114352645130e-03,2.972560547522326048e-03
-1.890836260434390972e-02,1.079606863516049842e+00,-8.997232853842279665e-02,6.764273178346961665e-03,-1.023565710651404975e-02,3.662866905846103287e-03
-2.291232258124842325e-02,1.094991118870786595e+00,-1.067340597378933081e-01,7.400388374207013398e-03,-1.240872028506554738e-02,4.435348193083691812e-03
-2.736674548842179394e-02,1.111552420870556279e+00,-1.245059187706701598e-01,7.794605762049579278e-03,-1.482858881944981028e-02,5.293978747502473513e-03
-3.229447623095239167e-02,1.129228647726728152e+00,-1.431417473950405694e-01,7.861274902030913198e-03,-1.750842305821100758e-02,6.243168375837532431e-03
-3.772021371715704452e-02,1.147952297420823831e+00,-1.624823995140791122e-01,7.507171006820528500e-03,-2.046251434168982336e-02,7.287790575272886338e-03
-4.367047634164800129e-02,1.167650917934135002e+00,-1.823569702370217982e-01,6.632325629118696921e-03,-2.370628025221431165e-02,8.433221544843275824e-03
-5.017356237618503245e-02,1.188247652629664142e+00,-2.025844012228685542e-01,5.131113724612015869e-03,-2.725625784496975984e-02,9.685392434576375886e-03
-5.725949988888140441e-02,1.209661884059399561e+00,-2.229754224416702346e-01,2.893572127404584783e-03,-3.113009178085915721e-02,1.105085707533194281e-02
-6.495997662827016073e-02,1.231809949212116395e+00,-2.433347599709435871e-01,-1.930954681859144151e-04,-3.534651194890587461e-02,1.253687688625576904e-02
-7.330823472711740785e-02,1.254605890871983265e+00,-2.634635138688267153e-01,-4.242888646483095570e-03,-3.992529203001290994e-02,1.415152369303477285e-02
-8.233890801586557506e-02,1.277962204484099695e+00,-2.831615929344347693e-01,-9.369328450729580079e-03,-4.488717644725845335e-02,1.590379973011594658e-02
-9.208777113668864533e-02,1.301790538358914118e+00,-3.022300863207260102e-01,-1.568380105341705966e-02,-5.025375821575282093e-02,1.780377205040112321e-02
-1.025913594934232259e-01,1.326002307137780223e+00,-3.204734556818826796e-01,-2.329400196946964166e-02,-5.604728430343119266e-02,1.986271579851048644e-02
-1.138864073916347752e-01,1.350509183435688598e+00,-3.377014440886226820e-01,-3.230254758899602646e-02,-6.229035822539976536e-02,2.209325713433183888e-02
-1.260090387045258442e-01,1.375223439214562582e+00,-3.537306161620915046e-01,-4.280580860607667570e-02,-6.900550178521067113e-02,2.450950177011506498e-02
-1.389936306130543087e-01,1.400058115284906979e+00,-3.683854639888596294e-01,-5.489300615009384127e-02,-7.621452942559317489e-02,2.712712880029640242e-02
-1.528712577616367085e-01,1.424927003176329476e+00,-3.814990320201706586e-01,-6.864559823940044603e-02,-8.393768027922889063e-02,2.996342145990593328e-02
-1.676676142922993717e-01,1.449744427885037545e+00,-3.929130293380410643e-01,-8.413697297615366222e-02,-9.219244623906383551e-02,3.303719649874592434e-02
-1.834003096654610587e-01,1.474424823129644624e+00,-4.024774095824491527e-01,-1.014324559246955609e-01,-1.009920320224695911e-01,3.636858228358703926e-02
-2.000754491738909180e-01,1.498882094474814908e+00,-4.100494104558778941e-01,-1.205896311854066927e-01,-1.103433900117745670e-01,3.997858369561356484e-02
-2.176834538707407563e-01,1.523028773308900963e+00,-4.154920621761820088e-01,-1.416589661013820112e-01,-1.202447957646212845e-01,4.388836206994013028e-02
-2.361941634053638384e-01,1.546774981035377028e+00,-4.186722067366309696e-01,-1.646847142277277354e-01,-1.306829790777220557e-01,4.811815586967409936e-02
-2.555514164759203899e-01,1.570027253850875493e+00,-4.194581286346415472e-01,-1.897060451619669574e-01,-1.416299110226452718e-01,5.268578055190747261e-02
-2.756675290965512337e-01,1.592687329510000360e+00,-4.177169933664421908e-01,-2.167583084132011229e-01,-1.530394772929548897e-01,5.760468504660224559e-02
-2.964183834709268051e-01,1.614651070172037572e+00,-4.133124264420823257e-01,-2.458742797098824595e-01,-1.648444398396365640e-01,6.288161885632435888e-02
-3.176401547897909627e-01,1.635807782766963037e+00,-4.061027314563321333e-01,-2.770851663668965070e-01,-1.769542777153991497e-01,6.851408409348912210e-02
-3.391289393305472744e-01,1.656040279361341794e+00,-3.959404041499434701e-01,-3.104210781611872472e-01,-1.892546474587365468e-01,7.448790160395661608e-02
-3.606445514241142791e-01,1.675226058367754733e+00,-3.826736850763323705e-01,-3.459106279304853260e-01,-2.016092239679986853e-01,8.077537403783063841e-02
-3.819193678707849537e-01,1.693239939547253048e+00,-3.661508261993621227e-01,-3.835793445818613812e-01,-2.138644776918157964e-01,8.733461555376198504e-02
-4.026722439439690548e-01,1.709958322243588791e+00,-3.462274690198738347e-01,-4.234466847527885158e-01,-2.258574641569614516e-01,9.411055817122736256e-02
-4.226263335245595276e-01,1.725264969723519171e+00,-3.227770595593474900e-01,-4.655216137843831703e-01,-2.374260130562098614e-01,1.010378871820471897e-01
-4.415284815736094659e-01,1.739057920973405835e+00,-2.957036753752683156e-01,-5.097969477985352382e-01,-2.484200118000812196e-01,1.080457306182966148e-01
-4.591671953538992157e-01,1.751256896342162861e+00,-2.649561924732066198e-01,-5.562428368460070605e-01,-2.587120601173543144e-01,1.150634584293323687e-01
-4.753863696769219382e-01,1.761810474223019396e+00,-2.305425191181611488e-01,-6.047998704661315950e-01,-2.682058289898019976e-01,1.220266174114266189e-01
-4.900929042521739998e-01,1.770702376575184589e+00,-1.925426743913976335e-01,-6.553723060731277972e-01,-2.768409822713604473e-01,1.288819759119187447e-01
-5.032577127838477882e-01,1.777956335057584658e+00,-1.511196439421572668e-01,-7.078219265729075449e-01,-2.845942941282609828e-01,1.355908910922808130e-01
-5.149108672745814630e-01,1.783639111881005546e+00,-1.065270016192477048e-01,-7.619631154228936332e-01,-2.914773216878492335e-01,1.421306289819920798e-01
-5.251323905842243400e-01,1.787861260665700502e+00,-5.911213980474860907e-02,-8.175599301743231573e-01,-2.975314565782080645e-01,1.484937018448954649e-01
-5.340404392851726412e-01,1.790775167038918037e+00,-9.313707915133834225e-03,-8.743261829721937772e-01,-3.028213338376745667e-01,1.546856146876279536e-01
-5.417784680401014352e-01,1.792569930104325415e+00,4.234817110038645305e-02,-9.319296071736268283e-01,-3.074275090596347293e-01,1.607215878441491941e-01
-5.485026650188586927e-01,1.793462885661203376e+00,9.528977335370888979e-02,-9.900008715509366342e-01,-3.114391558462114573e-01,1.666228630108956832e-01
-5.543706549117659588e-01,1.793688106135630900e+00,1.488892526829624086e-01,-1.048147374072430527e+00,-3.149473795955877731e-01,1.724131452114249230e-01
-5.595322189915332700e-01,1.793482943044241384e+00,2.025173485401648432e-01,-1.105970549045695694e+00,-3.180396128201472550e-01,1.781156140295081791e-01
-5.641225297616844214e-01,1.793074322567929979e+00,2.555692303814963151e-01,-1.163084298630350011e+00,-3.207954206257677132e-01,1.837507737020934173e-01
-5.682580875347987837e-01,1.792666728859638070e+00,3.074927150116956720e-01,-1.219131660320510679e+00,-3.232838681764717004e-01,1.893352260354352889e-01
-5.720351923822221130e-01,1.792433447190300733e+00,3.578089142330218020e-01,-1.273797246132559513e+00,-3.255623909499908986e-01,1.948812783053868736e-01
-5.755304723180437732e-01,1.792511825311069007e+00,4.061233593288265942e-01,-1.326814160673821963e+00,-3.276769139732561564e-01,2.003971796211962142e-01
-5.788028104041831323e-01,1.793002399424607374e+00,4.521279166700484797e-01,-1.377965484498649973e+00,-3.296628467954173525e-01,2.058877355711739576e-01
-5.818960046984870127e-01,1.793971062053656640e+00,4.955954840250483273e-01,-1.427081452123942773e+00,-3.315465624156024305e-01,2.113550750542734225e-01
-5.848416181226803179e-01,1.795453173600560337e+00,5.363701490663503879e-01,-1.474033904884249013e+00,-3.333470320896401162e-01,2.167994063866730547e-01
-5.876616561439341746e-01,1.797458584427134021e+00,5.743553287293712284e-01,-1.518729523666563663e+00,-3.350773908427718273e-01,2.222196703959632980e-01
-5.903708825588741549e-01,1.799976786234478876e+00,6.095017770335169338e-01,-1.561102976993945068e+00,-3.367463103783925327e-01,2.276140554060011034e-01
-5.929787123140555227e-01,1.802981704398259000e+00,6.417966180892932249e-01,-1.601110681779395195e+00,-3.383591341782246076e-01,2.329803756332227416e-01
-5.954906986880088571e-01,1.806435889407056017e+00,6.712539498838550056e-01,-1.638725504273550460e+00,-3.399187785781935256e-01,2.383163327640716866e-01
-5.979096698968828782e-01,1.810294035971310889e+00,6.979071465649873129e-01,-1.673932474698282880e+00,-3.414264282842550680e-01,2.436196861749631293e-01
-6.002365813277604767e-01,1.814505858023182094e+00,7.218027474922282805e-01,-1.706725443279824006e+00,-3.428820631534169050e-01,2.488883560326609068e-01
-6.024711462897408554e-01,1.819018395443676051e+00,7.429957120124174308e-01,-1.737104539086491428e+00,-3.442848522804120570e-01,2.541204793789326732e-01
-6.046122986739975724e-01,1.823777843286469524e+00,7.615457904253026822e-01,-1.765074276319865687e+00,-3.456334465165905034e-01,2.593144345716338339e-01
-6.066585299884672544e-01,1.828730991416448237e+00,7.775147762653078498e-01,-1.790642162479259669e+00,-3.469261944655375740e-01,2.644688452142714974e-01
-6.086081331879893419e-01,1.833826351591736570e+00,7.909644384000114048e-01,-1.813817684104481520e+00,-3.481613012367647531e-01,2.695825713242250288e-01
-6.104593774107541782e-01,1.839015035722496361e+00,8.019549695649074161e-01,-1.834611569982085744e+00,-3.493369443867540003e-01,2.746546929731943365e-01
-6.122106312614079560e-01,1.844251436203002026e+00,8.105438238290717523e-01,-1.853035254441227186e+00,-3.504513576533213048e-01,2.796844898458721862e-01
-6.138604474287934210e-01,1.849493748042465135e+00,8.167848462748524829e-01,-1.869100482887502412e+00,-3.515028901966316122e-01,2.846714189354866420e-01
-6.154076178707619249e-01,1.854704363322631444e+00,8.207276232577177533e-01,-1.882819017623904800e+00,-3.524900469257815638e-01,2.896150917742785214e-01
-6.168512062245081751e-01,1.859850161159465332e+00,8.224170014290028696e-01,-1.894202414544270185e+00,-3.534115139353637414e-01,2.945152520603359636e-01
-6.181905622402007472e-01,1.864902710541610498e+00,8.218927391046907394e-01,-1.903261850974527380e+00,-3.542661719458538583e-01,2.993717541978054286e-01
-6.194253216760550185e-01,1.869838398819237080e+00,8.191892654810991603e-01,-1.910007992357352080e+00,-3.550530998091523394e-01,3.041845430497917002e-01
-6.205553940733061768e-01,1.874638494904216079e+00,8.143355325042418436e-01,-1.914450891170518032e+00,-3.557715695090091779e-01,3.089536350667589915e-01
-6.215809400302984011e-01,1.879289153140384805e+00,8.073549516517861679e-01,-1.916599915917967190e+00,-3.564210335820729436e-01,3.136791008670052894e-01
-6.225023389281113539e-01,1.883781361080680394e+00,7.982654141274462267e-01,-1.916463711647628854e+00,-3.570011054539120599e-01,3.183610492889946131e-01
-6.233201474603508041e-01,1.888110831875188245e+00,7.870793985413664373e-01,-1.914050196585711738e+00,-3.575115327836205226e-01,3.229996128939795486e-01
-6.240350487365778909e-01,1.892277839470167811e+00,7.738041755251146014e-01,-1.909366602443382632e+00,-3.579521635072296926e-01,3.275949348617478440e-01
-6.246477911212673373e-01,1.896286992204383459e+00,7.584421243206576069e-01,-1.902419569025963764e+00,-3.583229038358394791e-01,3.321471571853268911e-01
-6.251591153019242508e-01,1.900146937543331083e+00,7.409911825638497707e-01,-1.893215307210803777e+00,-3.586236669731106552e-01,3.366564100260971415e-01
-6.255696673166393218e-01,1.903869987506983996e+00,7.214454575930064895e-01,-1.881759848389498391e+00,-3.588543107427443757e-01,3.411228020331759092e-01
-6.258798943787952096e-01,1.907471650736224156e+00,6.997960359399699737e-01,-1.868059403293820475e+00,-3.590145616332818257e-01,3.455464113536430015e-01
-6.260899192815031489e-01,1.910970053058760998e+00,6.760320374002276589e-01,-1.852120858886279420e+00,-3.591039219480824385e-01,3.499272769554054308e-01
-6.261993879174331257e-01,1.914385223880352704e+00,6.501419712486730118e-01,-1.833952448730185703e+00,-3.591215557678891224e-01,3.542653897427437415e-01
-6.262072829937981311e-01,1.917738220895610857e+00,6.221154644607854722e-01,-1.813564639793282085e+00,-3.590661482751312250e-01,3.585606827546025110e-01
-6.261116953669668694e-01,1.921050060865037823e+00,5.919454443381469977e-01,-1.790971286463680423e+00,-3.589357316553220545e-01,3.628130194851278967e-01
-6.259095426279100982e-01,1.924340420292383280e+00,5.596308689057373220e-01,-1.766191109564744233e+00,-3.587274693220232069e-01,3.670221790433365050e-01
-6.255962227906579631e-01,1.927626068082391342e+00,5.251801045700092985e-01,-1.739249562338013089e+00,-3.584373887166016348e-01,3.711878364677459463e-01
-6.251651894699230549e-01,1.930918994811533063e+00,4.886150464093871326e-01,-1.710181143396574344e+00,-3.580600516330545435e-01,3.753095360390635848e-01
-6.246074342969758497e-01,1.934224213332210729e+00,4.499760539295507011e-01,-1.679032203475940621e+00,-3.575881503004105788e-01,3.793866549230277552e-01
-6.239108633194266895e-01,1.937537227498875581e+00,4.093277228064315931e-01,-1.645864261397827599e+00,-3.570120179368934110e-01,3.834183540069163731e-01
-6.230595578890844033e-01,1.940841205266221170e+00,3.667654171432909727e-01,-1.610757786393039126e+00,-3.563190450486729000e-01,3.874035125223792564e-01
-6.220329184362628494e-01,1.944103954580156612e+00,3.224223333002642633e-01,-1.573816310277974306e+00,-3.554929984707441704e-01,3.913406432324712525e-01
-6.208047028653493893e-01,1.947274888113278202e+00,2.764766480624474276e-01,-1.535170599449276141e+00,-3.545132501110429546e-01,3.952277859773461466e-01
-6.193419906386068430e-01,1.950282271879139495e+00,2.291580309015293360e-01,-1.494982449655941181e+00,-3.533539370994943085e-01,3.990623796816797908e-01
-6.176041276345088926e-01,1.953031166397174223e+00,1.807525146336322885e-01,-1.453447492456255485e+00,-3.519830937068081367e-01,4.028411169535222047e-01
-6.155417311253734702e-01,1.955402553280609634e+00,1.316045076430430449e-01,-1.410796275158711532e+00,-3.503618147179831110e-01,4.065597912983224260e-01
-6.130958504942759513e-01,1.957254144620997227e+00,8.211472194237399991e-02,-1.367292875085113213e+00,-3.484435236792577939e-01,4.102131542726462632e-01
-6.101973769696662497e-01,1.958423244760844284e+00,3.273311780239197138e-02,-1.323230515832622078e+00,-3.461734193023868200e-01,4.137948072770440966e-01
-6.067667661468166829e-01,1.958731748126522509e+00,-1.605330909010620200e-02,-1.278924105048617532e+00,-3.434881523604299547e-01,4.172971580476825260e-01
-6.027140808053234045e-01,1.957992947964540820e+00,-6.373704212014749682e-02,-1.234700248549682078e+00,-3.403157433767791118e-01,4.207114731773604621e-01
-5.979392932539017158e-01,1.956019409721734936e+00,-1.098089560097282591e-01,-1.190885933925746709e+00,-3.365756990616033395e-01,4.240280544321883838e-01
-5.923327333635841629e-01,1.952630883616000235e+00,-1.537770505300938562e-01,-1.147797473663797030e+00,-3.321792435642983432e-01,4.272365599089556487e-01
-5.857755591504802961e-01,1.947661215790972955e+00,-1.951824371013855808e-01,-1.105731268515456112e+00,-3.270295716609599723e-01,4.303264851282012637e-01
-5.781401764564806367e-01,1.940963482661804518e+00,-2.336107255752834511e-01,-1.064957486833832290e+00,-3.210220677809607071e-01,4.332878183430105556e-01
-5.692906374572720418e-01,1.932413015190082017e+00,-2.686981037281920837e-01,-1.025717035678273215e+00,-3.140445143301165420e-01,4.361118909775349994e-01
-5.590831840931008712e-01,1.921908435998150866e+00,-3.001325530191714663e-01,-9.882214912906002180e-01,-3.059774204261310193e-01,4.387924569050704604e-01
-5.473672507975377854e-01,1.909371168329750068e+00,-3.276514612757439049e-01,-9.526551691077123074e-01,-2.966947220371289884e-01,4.413270484382104675e-01
-5.339873891127715488e-01,1.894744039975262417e+00,-3.510372541063916385e-01,-9.191783168064850962e-01,-2.860652275220161300e-01,4.437186650430990364e-01
-5.187867212396202188e-01,1.877989622694046901e+00,-3.701126489458015367e-01,-8.879304535978376212e-01,-2.739553058572462008e-01,4.459778432414338578e-01
-5.016126628498218665e-01,1.859088879725125043e+00,-3.847369054749877892e-01,-8.590330460468633689e-01,-2.602334324056911896e-01,4.481251201170231568e-01
-4.823257475413709194e-01,1.838040595821665235e+00,-3.948041526139959845e-01,-8.325909079762291443e-01,-2.447772946120085336e-01,4.501938211570616355e-01
-4.608123617539165995e-01,1.814861960199522395e+00,-4.002445874571096129e-01,-8.086918890467117427e-01,-2.274841567584632851e-01,4.522329552910049899e-01
-4.370019222975707329e-01,1.789590549262274122e+00,-4.010290475506202434e-01,-7.874045758256801308e-01,-2.082849753643804813e-01,4.543097691974579133e-01
-4.108882988344189635e-01,1.762287766029521974e+00,-3.971770605899387907e-01,-7.687739176216458192e-01,-1.871621772365803515e-01,4.565112054170989420e-01
-3.825538947590981786e-01,1.733043473736869178e+00,-3.887678404582085578e-01,-7.528149818832667872e-01,-1.641698827478690892e-01,4.589431887101000918e-01
-3.521927067189110083e-01,1.701981073343963979e+00,-3.759527288553812241e-01,-7.395055085727058053e-01,-1.394536249348338475e-01,4.617264971797629958e-01
-3.201262971294441817e-01,1.669261677674869215e+00,-3.589663613017562427e-01,-7.287785631195087266e-01,-1.132645991645184480e-01,4.649882346211708373e-01
-2.868050889811453175e-01,1.635085567013107477e+00,-3.381327996309453354e-01,-7.205172078575817762e-01,-8.596211519906436782e-02,4.688488935982426664e-01
-2.527884764313565458e-01,1.599689183631137768e+00,-3.138628269470480348e-01,-7.145533323939975423e-01,-5.799866973568358619e-02,4.734067044010962233e-01
-2.187022118471918519e-01,1.563336893183554510e+00,-2.866403227799935172e-01,-7.106721509550549820e-01,-2.988602553412119528e-02,4.787228235034295953e-01
-1.851794511087401229e-01,1.526308490821135955e+00,-2.569990423341942942e-01,-7.086222815688534293e-01,-2.147200385216603558e-03,4.848117636299558164e-01
-1.527989031372551654e-01,1.488885139764196452e+00,-2.254947160064062484e-01,-7.081293806645834188e-01,2.473475141790232659e-02,4.916403031846072191e-01
-1.220352177490815482e-01,1.451337025660544233e+00,-1.926789809197722581e-01,-7.089101365443444269e-01,5.035862052253096965e-02,4.991351590121530513e-01
-9.323168996275213449e-02,1.413915077103818474e+00,-1.590801951692639715e-01,-7.106837714137714812e-01,7.442897215486765639e-02,5.071965876847412957e-01
-6.659678601013876986e-02,1.376847299209016606e+00,-1.251927557705581062e-01,-7.131797425775012744e-01,9.676049546305977300e-02,5.157135729458290907e-01
-4.221888046014421469e-02,1.340338714125358432e+00,-9.147336099132964693e-02,-7.161419990823006954e-01,1.172670949463413964e-01,5.245768535787749265e-01
-2.009074214556898913e-02,1.304573267025273653e+00,-5.834121188069035097e-02,-7.193310654386202430e-01,1.359425591900894070e-01,5.336878513050991035e-01
-1.362635222211076858e-04,1.269716262827778719e+00,-2.617943325262491600e-02,-7.225252422767094451e-01,1.528389959614391280e-01,5.429633320660518514e-01
1.776537326782026346e-02,1.235916488644510203e+00,4.663865815849564667e-03,-7.255217151502608708e-01,1.680470768909673451e-01,5.523366880903640697e-01
3.376024296070236075e-02,1.203307742666267943e+00,3.387533151951395427e-02,-7.281377964084801979e-01,1.816799644507685607e-01,5.617570368112496659e-01
4.800526697237604556e-02,1.172009847099738211e+00,6.117662532676576559e-02,-7.302121477152567763e-01,1.938612812393334939e-01,5.711871867182093387e-01
6.065823980594212128e-02,1.142129363504563955e+00,8.632466772038926983e-02,-7.316056934756428598e-01,2.047166844097328686e-01,5.806012116242262877e-01
7.187136418238423974e-02,1.113760223815413841e+00,1.091113909500102258e-01,-7.322019752266482051e-01,2.143683200905156516e-01,5.899820769231264306e-01
8.178737838584512754e-02,1.086984417553838789e+00,1.293627345493161551e-01,-7.319068221149780396e-01,2.229314246610465955e-01,5.993195394253182373e-01
9.053750669916377225e-02,1.061872791498684965e+00,1.469368423162012161e-01,-7.306473483526110257e-01,2.305124497853358601e-01,6.086084008332484085e-01
9.824064007841572244e-02,1.038485952172833349e+00,1.617215901585843385e-01,-7.283703921562159067e-01,2.372082264884379788e-01,6.178471156286624577e-01
1.050033127807198929e-01,1.016875223164615427e+00,1.736316689529883994e-01,-7.250405678526680164e-01,2.431058103708136908e-01,6.270367159714788086e-01
1.109201675475469939e-01,9.970835956462476002e-01,1.826054738831589808e-01,-7.206381179479435239e-01,2.482827526381941319e-01,6.361800023835805229e-01
1.160746976224940469e-01,9.791466136060065217e-01,1.886020330553026259e-01,-7.151567378513845608e-01,2.528076196023985589e-01,6.452809481898202915e-01
1.205401236646900659e-01,9.630931470795146554e-01,1.915981659183920716e-01,-7.086015165071212207e-01,2.567406405933159719e-01,6.543442709911797550e-01
1.243803134630676877e-01,9.489460207961951665e-01,1.915860134353142008e-01,-7.009871023726031991e-01,2.601344054376609205e-01,6.633751319332449325e-01
1.276506873947865217e-01,9.367224784079245525e-01,1.885710375736943389e-01,-6.923361728293376816e-01,2.630345618630329230e-01,6.723789311597303531e-01
1.303990768237479891e-01,9.264344722628327089e-01,1.825705520945081484e-01,-6.826782593052167503e-01,2.654804835849423061e-01,6.813611746516677892e-01
1.326665191277894562e-01,9.180887754692220737e-01,1.736128201636518154e-01,-6.720489605066017891e-01,2.675058938601773684e-01,6.903273932971603077e-01
1.344879840065457133e-01,9.116869176082678106e-01,1.617367347759704199e-01,-6.604895608901287796e-01,2.691394387438950653e-01,6.992830994744124729e-01
1.358930327724053033e-01,9.072249492040243002e-01,1.469920817995177265e-01,-6.480470586350072226e-01,2.704052104812848523e-01,7.082337697674765398e-01
1.369064166056055132e-01,9.046930444258105553e-01,1.294403685070320553e-01,-6.347745943084882603e-01,2.713232253254719839e-01,7.171848448326206826e-01
1.375486220319062369e-01,9.040749579500756417e-01,1.091561786285244473e-01,-6.207322555220267102e-01,2.719098622265161969e-01,7.261417390728359678e-01
1.378363726394093436e-01,9.053473617235949789e-01,8.622898458034997105e-02,-6.059882118287286401e-01,2.721782696672621071e-01,7.351098538418773254e-01
1.377830955552183101e-01,9.084791013785791236e-01,6.076530612617211946e-02,-5.906201063474390001e-01,2.721387476328989696e-01,7.440945885769968404e-01
1.373993595763789155e-01,9.134304302543734266e-01,3.289105205248818442e-02,-5.747165959783790967e-01,2.717991103739850201e-01,7.531013447561732965e-01
1.366932891647649473e-01,9.201523000444427058e-01,2.753820856516389637e-03,-5.583788927704528282e-01,2.711650332960598431e-01,7.621355181174662707e-01
1.356709549029165296e-01,9.285858078246279623e-01,-2.947512365872992368e-02,-5.417221203767835780e-01,2.702403840782963695e-01,7.712024754050064157e-01
1.343367367791110378e-01,9.386619143378442942e-01,-6.359953144571967032e-02,-5.248762705900823500e-01,2.690275342552077564e-01,7.803075132397410130e-01
1.326936524192448841e-01,9.503015509312149334e-01,-9.939784143050547915e-02,-5.079865376036646341e-01,2.675276435242889272e-01,7.894557986949869433e-01
1.307436390072502508e-01,9.634162152864091944e-01,-1.366241531654858732e-01,-4.912128341998068248e-01,2.657409057987011325e-01,7.986522937644118247e-01
1.284877762062276163e-01,9.779091143354293747e-01,-1.750106875345232571e-01,-4.747283626906102505e-01,2.636667445216632211e-01,8.079016688790520151e-01
1.259264388478072427e-01,9.936768474676820340e-01,-2.142717567903919818e-01,-4.587172227120654422e-01,2.613039459140422682e-01,8.172082134348918059e-01
1.230593728798655001e-01,1.010611543239399834e+00,-2.541090503064311057e-01,-4.433711730187208100e-01,2.586507230578486416e-01,8.265757532354182091e-01
1.198856955218942782e-01,1.028603284751222535e+00,-2.942178304623040419e-01,-4.288857976670783501e-01,2.557047105993561220e-01,8.360075851742697628e-01
1.164038292745863123e-01,1.047542602436160930e+00,-3.342934758652412741e-01,-4.154564252453635254e-01,2.524628980388237687e-01,8.455064380298938920e-01
1.126113872846618569e-01,1.067322794318142476e+00,-3.740377502302253410e-01,-4.032741860433000647e-01,2.489215171279644256e-01,8.550744650770110145e-01
1.085050326359418282e-01,1.087841858739340584e+00,-4.131642314273698546e-01,-3.925225562894486542e-01,2.450759039718240773e-01,8.647132700187385446e-01
1.040803353413692622e-01,1.109003886113829829e+00,-4.514024890420467728e-01,-3.833746422666962084e-01,2.409203579460456324e-01,8.744239634877228884e-01
9.933164827368849703e-02,1.130719837468013633e+00,-4.885008061756678233e-01,-3.759913282144151658e-01,2.364480175299476794e-01,8.842072439819006480e-01
9.425201814502835729e-02,1.152907718233837642e+00,-5.242274492509495509e-01,-3.705202835627688374e-01,2.316507686334774163e-01,8.940634951604131686e-01
8.883314154076987768e-02,1.175492219733303756e+00,-5.583706553013769724e-01,-3.670957238279529133e-01,2.265191954429867649e-01,9.039928910176672217e-01
8.306537039295860958e-02,1.198403939809378649e+00,-5.907376075232224633e-01,-3.658387588199308871e-01,2.210425786018878902e-01,9.139955012695530900e-01
7.693776706429790446e-02,1.221578308067565954e+00,-6.211527060855270843e-01,-3.668581416923363259e-01,2.152089415690386087e-01,9.240713908167994539e-01
7.043820670653713756e-02,1.244954335688052804e+00,-6.494554262923285526e-01,-3.702512438139600182e-01,2.090051435783403244e-01,9.342207088907362733e-01
6.355352358807098145e-02,1.268473292368871963e+00,-6.754980098305153335e-01,-3.761051110926100227e-01,2.024170166308240648e-01,9.444437650629105008e-01
5.626969825132721592e-02,1.292077390720676178e+00,-6.991431753338053223e-01,-3.844974958338869819e-01,1.954295440286693830e-01,9.547410905109066093e-01
4.857208322997006583e-02,1.315708536460408418e+00,-7.202619751971585105e-01,-3.954977962337565822e-01,1.880270787163785262e-01,9.651134837259496280e-01
4.044566630109366207e-02,1.339307183947408664e+00,-7.387318741881278017e-01,-4.091678684733941473e-01,1.801936008248098409e-01,9.755620402692117832e-01
3.187537170074798698e-02,1.362811322067432496e+00,-7.544350850056963376e-01,-4.255627022365067735e-01,1.719130151639424731e-01,9.860881663270943953e-01
2.284640139403745079e-02,1.386155605098955856e+00,-7.672571665876505298e-01,-4.447309692618489629e-01,1.631694909855381515e-01,9.966935757864754386e-01
1.334462052120662101e-02,1.409270636259703835e+00,-7.770858711428410004e-01,-4.667154671581655312e-01,1.539478482936356696e-01,1.007380270444456993e+00
3.356993831474416184e-03,1.432082407169914307e+00,-7.838102135299294115e-01,-4.915534883083401696e-01,1.442339976092620601e-01,1.018150502859559436e+00
-7.127916327863586740e-03,1.454511893544492729e+00,-7.873197297564857866e-01,-5.192771473447168606e-01,1.340154437994100500e-01,1.029006721297027749e+00
-1.811937459144619122e-02,1.476474805255320932e+00,-7.875038884723126742e-01,-5.499137011914480011e-01,1.232818698469576313e-01,1.039951496254613250e+00
-2.962379647202531899e-02,1.497881486923547278e+00,-7.842516193462230056e-01,-5.834858935234761290e-01,1.120258237886596203e-01,1.050987428195967466e+00
-4.164393842231006726e-02,1.518636963105421289e+00,-7.774509246823700925e-01,-6.200123508456316657e-01,1.002435419404969497e-01,1.062117036376948986e+00
-5.417790828666739500e-02,1.538641119928773282e+00,-7.669885457000926721e-01,-6.595080500945701418e-01,8.793595417945108961e-02,1.073342629037266960e+00
-6.721793537094036819e-02,1.557789013124589284e+00,-7.527496634557919730e-01,-7.019848672092027231e-01,7.510993210816035992e-02,1.084666155773828855e+00
-8.074882347862170906e-02,1.575971291754149517e+00,-7.346176283359708847e-01,-7.474522015369393646e-01,6.177985690830989363e-02,1.096089043677100694e+00
-9.474599707452556474e-02,1.593074729413663793e+00,-7.124737349037691958e-01,-7.959176505509760746e-01,4.796959699995604481e-02,1.107612019921492719e+00
-1.091730474727427985e-01,1.608982863580638245e+00,-6.861970967763829643e-01,-8.473876802235827954e-01,3.371498899876997080e-02,1.119234925156285643e+00
-1.239787058483006188e-01,1.623576764611802004e+00,-6.556647396409369666e-01,-9.018681935094288171e-01,1.906689557627621809e-02,1.130956524515008166e+00
-1.390932353338038552e-01,1.636735997827794664e+00,-6.207521369058855987e-01,-9.593648342836323950e-01,4.094848143875482599e-03,1.142774326610245028e+00
-1.544243800960536928e-01,1.648339919289833366e+00,-5.813345893720035518e-01,-1.019882763122693214e+00,-1.110886403712859835e-02,1.154684425538395898e+00
-1.698532820518546260e-01,1.658269578305546110e+00,-5.372901374702305777e-01,-1.083425484330925226e+00,-2.642507093072811800e-02,1.166681386008257659e+00
-1.852312251990300418e-01,1.666410710639048443e+00,-4.885051398385403254e-01,-1.149992065454584766e+00,-4.170442943928693441e-02,1.178758195030060296e+00
-2.003787119296984720e-01,1.672658609936823693e+00,-4.348842875758069382e-01,-1.219571752408745269e+00,-5.676647430468801520e-02,1.190906300432467146e+00
-2.150891276761587312e-01,1.676926032412742185e+00,-3.763675985232601828e-01,-1.292134567774510190e+00,-7.140328106883320203e-02,1.203115739225458780e+00
-2.291397925268231772e-01,1.679155581929428376e+00,-3.129575714113898011e-01,-1.367616129425062388e+00,-8.539055532707633123e-02,1.215375319639991902e+00
-2.423128624064367076e-01,1.679337889673141682e+00,-2.447594416910042203e-01,-1.445895035419752839e+00,-9.850862451369739314e-02,1.227672760567505517e+00
-2.544263724990034614e-01,1.677535724719279253e+00,-1.720350054702598219e-01,-1.526762492704803353e+00,-1.105736267095672326e-01,1.239994638057495768e+00
-2.653710493960566019e-01,1.673911246372186135e+00,-9.526410432847651211e-02,-1.609887405531144733e+00,-1.214745008584681013e-01,1.252326007192265500e+00
-2.751422676739925799e-01,1.668748904378027031e+00,-1.519725518454841107e-02,-1.694786195412395502e+00,-1.312051032304464293e-01,1.264649741077610745e+00
-2.838524194270801160e-01,1.662461960011361928e+00,6.712785138063750989e-02,-1.780813001330817436e+00,-1.398766547036402186e-01,1.276945954260845895e+00
-2.917125077917177567e-01,1.655570757184581465e+00,1.504338612226829297e-01,-1.867186647170641978e+00,-1.476992917591458676e-01,1.289192143631694876e+00
-2.989850477030673859e-01,1.648649994485619441e+00,2.333229956635896885e-01,-1.953059382702651670e+00,-1.549348290573844822e-01,1.301364528563887069e+00
-3.059262437313701177e-01,1.642257979019610348e+00,3.144391394751850366e-01,-2.037610953701414207e+00,-1.618387841915228109e-01,1.313440401500505228e+00
-3.127409037809523173e-01,1.636871887585033880e+00,3.926169365098642339e-01,-2.120135262558704881e+00,-1.686152028900974320e-01,1.325400594885127736e+00
-3.195635047263189477e-01,1.632849226151242839e+00,4.669698467947029918e-01,-2.200091044795101425e+00,-1.753977241726417946e-01,1.337231091518194859e+00
-3.264629004612047969e-01,1.630420399355672734e+00,5.369048930007604969e-01,-2.277109101966602545e+00,-1.822543438874194288e-01,1.348923389380141780e+00
-3.334592102154868565e-01,1.629703703873985221e+00,6.020845144759264800e-01,-2.350968237095671043e+00,-1.892043683855889613e-01,1.360473885756445789e+00
-3.405422613157361167e-01,1.630730008956725818e+00,6.623660350643016947e-01,-2.421558194861768154e+00,-1.962369047277790213e-01,1.371882806025461310e+00
-3.476861201164253568e-01,1.633467642871283987e+00,7.177415776789051183e-01,-2.488843329432167018e+00,-2.033254155754459502e-01,1.383153102448027472e+00
-3.548585861101245520e-01,1.637842981736820303e+00,7.682892230195879080e-01,-2.552833452994383912e+00,-2.104372197501133135e-01,1.394289536582000055e+00
-3.620265837905985995e-01,1.643755764908328532e+00,8.141376152116557297e-01,-2.613563109656215744e+00,-2.175388809808746493e-01,1.405297997387710884e+00
-3.691588313874139549e-01,1.651089821199798857e+00,8.554421671417885564e-01,-2.671078067858531746e+00,-2.245988697501744014e-01,1.416185027309997402e+00
-3.762269261213431748e-01,1.659720346379842670e+00,8.923699216134640677e-01,-2.725427171061870268e+00,-2.315886410078807633e-01,1.426957504869915239e+00
-3.832056076507266429e-01,1.669518785181086651e+00,9.250903641740373384e-01,-2.776657846795615558e+00,-2.384828906343516297e-01,1.437622434937149585e+00
-3.900726498047217272e-01,1.680356123020602555e+00,9.537701165138083859e-01,-2.824813972059254663e+00,-2.452594408983510277e-01,1.448186808872583997e+00
-3.968086222377102401e-01,1.692105147928383513e+00,9.785700598929181204e-01,-2.869935180598923719e+00,-2.518989962296880325e-01,1.458657508099256095e+00
-4.033966386928984349e-01,1.704642051688492144e+00,9.996439235997226502e-01,-2.912057000423063702e+00,-2.583848855606969419e-01,1.469041233780756572e+00
-4.098221391379653356e-01,1.717847603986330185e+00,1.017137717651530160e+00,-2.951211424947062678e+00,-2.647028381202309322e-01,1.479344451858062737e+00
-4.160727171228117416e-01,1.731608043215267623e+00,1.031189620710922794e+00,-2.987427666686139460e+00,-2.708408037800660861e-01,1.489573347158509975e+00
-4.221379868937435997e-01,1.745815769789210270e+00,1.041930085777675874e+00,-3.020732938612507912e+00,-2.767888123863992411e-01,1.499733783195666526e+00
-4.280094784136208586e-01,1.760369891943022402e+00,1.049482023644994433e+00,-3.051153171279081810e+00,-2.825388602630898305e-01,1.509831266090237323e+00
-4.336805475000621857e-01,1.775176652541853306e+00,1.053960985978349196e+00,-3.078713615002953929e+00,-2.880848112498121116e-01,1.519870912103613581e+00
-4.391462899984083235e-01,1.790149753175275693e+00,1.055475308742263918e+00,-3.103439303408898287e+00,-2.934223014251800543e-01,1.529857418830706361e+00
-4.444034516859023953e-01,1.805210585298000936e+00,1.054126200805750813e+00,-3.125355372374821084e+00,-2.985486394937379440e-01,1.539795040318419295e+00
-4.494503285874646981e-01,1.820288375081324350e+00,1.050007777246044105e+00,-3.144487240035444664e+00,-3.034626978177560330e-01,1.549687566382618176e+00
-4.542866550972711193e-01,1.835320247431628360e+00,1.043207045609401584e+00,-3.160860660996569482e+00,-3.081647917807583958e-01,1.559538306278453135e+00
-4.589134795044496062e-01,1.850251214315866255e+00,1.033803858446507462e+00,-3.174501672604299607e+00,-3.126565473467440848e-01,1.569350076701605978e+00
-4.633330281209997459e-01,1.865034092465865490e+00,1.021870848332821158e+00,-3.185436453898164100e+00,-3.169407582401385648e-01,1.579125193908980318e+00
-4.675485602029041954e-01,1.879629355308944039e+00,1.007473363352850759e+00,-3.193691119404474144e+00,-3.210212351216101268e-01,1.588865469580103218e+00
-4.715642162956070194e-01,1.894004923344795976e+00,9.906694224212557742e-01,-3.199291470704435980e+00,-3.249026495352490551e-01,1.598572209917437759e+00
-4.753848626081046413e-01,1.908135896010600741e+00,9.715097114069440876e-01,-3.202262729168173117e+00,-3.285903753447000364e-01,1.608246217418610513e+00
-4.790159336230601084e-01,1.922004226257637338e+00,9.500376432950418115e-01,-3.202629273766061768e+00,-3.320903299616775328e-01,1.617887794753817721e+00
-4.824632744780408822e-01,1.935598336538761677e+00,9.262895089967587703e-01,-3.200414408818679224e+00,-3.354088169980214973e-01,1.627496750251568702e+00
-4.857329837870216216e-01,1.948912671615860459e+00,9.002947503195163348e-01,-3.195640188288032313e+00,-3.385523711267738878e-01,1.637072404638866718e+00
-4.888312565756222083e-01,1.961947179469377245e+00,8.720763934684220287e-01,-3.188327326110422355e+00,-3.415276049849605977e-01,1.646613598903276854e+00
-4.917642259231080892e-01,1.974706706546472290e+00,8.416516907002596914e-01,-3.178495226490568371e+00,-3.443410569378952402e-01,1.656118703453726360e+00
-4.945378007678186139e-01,1.987200287540952459e+00,8.090330297975252272e-01,-3.166162174362375570e+00,-3.469990374826867341e-01,1.665585629170321935e+00
-4.971574961601623044e-01,1.999440302817149462e+00,7.742291861556135357e-01,-3.151345734645813135e+00,-3.495074710186100719e-01,1.675011841474643548e+00
-4.996282510610944860e-01,2.011441468546679712e+00,7.372470104566750670e-01,-3.134063419581532894e+00,-3.518717286770779995e-01,1.684394379252339702e+00
-5.019542276273645243e-01,2.023219615945792249e+00,6.980936654714546830e-01,-3.114333696011348351e+00,-3.540964469252568247e-01,1.693729881356157874e+00
-5.041385848885929777e-01,2.034790207477405577e+00,6.567795466109689340e-01,-3.092177417971408548e+00,-3.561853258179027426e-01,1.703014624544727962e+00
-5.061832189812726090e-01,2.046166531126302424e+00,6.133220384793947044e-01,-3.067619782077888324e+00,-3.581409002293690080e-01,1.712244578087966485e+00
-5.080884619707999317e-01,2.057357511779398962e+00,5.677502665439133622e-01,-3.040692909542289435e+00,-3.599642774258319800e-01,1.721415481864571051e+00
-5.098527322621322355e-01,2.068365086156506827e+00,5.201109868996067753e-01,-3.011439151799297775e+00,-3.616548353713048281e-01,1.730522956464482620e+00
-5.114721323955928600e-01,2.079181111901875489e+00,4.704756993350210914e-01,-2.979915185130797894e+00,-3.632098788234412456e-01,1.739562655290224802e+00
-5.129399955664578625e-01,2.089783832143722986e+00,4.189489442096919203e-01,-2.946196887420088562e+00,-3.646242553456308655e-01,1.748530469355343397e+00
-5.142463914236992117e-01,2.100134005070940724e+00,3.656775233293810268e-01,-2.910384858812477216e+00,-3.658899416001691329e-01,1.757422794472655925e+00
-5.153776150509120635e-01,2.110170942084039325e+00,3.108600472508178392e-01,-2.872610242796262980e+00,-3.669956220034563676e-01,1.766236866507105319e+00
-5.163156996076450067e-01,2.119808875051938823e+00,2.547557626782804840e-01,-2.833040227053678972e+00,-3.679262961034494017e-01,1.774971161893110772e+00
-5.170380094366314738e-01,2.128934266881266080e+00,1.976911208045495916e-01,-2.791882293510223878e+00,-3.686629647100919671e-01,1.783625846756815791e+00
-5.175169795190375233e-01,2.137404828048361516e+00,1.400621699107480467e-01,-2.749386041221260957e+00,-3.691824516811396673e-01,1.792203239521820590e+00
-5.177200590727090157e-01,2.145051007421718392e+00,8.233084470992590997e-02,-2.705841380092381065e+00,-3.694574097900091836e-01,1.800708232719920643e+00
-5.176098828254946937e-01,2.151680485125671005e+00,2.501384688838438619e-02,-2.661572256519967095e+00,-3.694565278168698286e-01,1.809148607473051618e+00
-5.171446321410759772e-01,2.157085665778541106e+00,-3.133582754470806697e-02,-2.616925896900878623e+00,-3.691449018056121023e-01,1.817535178121052475e+00
-5.162784738112378147e-01,2.161053447236451763e+00,-8.615281045081937816e-02,-2.572258692893377940e+00,-3.684844693319332398e-01,1.825881730672141989e+00
-5.149619052641446482e-01,2.163375873131724525e+00,-1.388851478305248022e-01,-2.527920901860909453e+00,-3.674343565993628546e-01,1.834204763433125107e+00
-5.131418203977857750e-01,2.163859969739799993e+00,-1.890176310024574702e-01,-2.484242808156289506e+00,-3.659509791422375091e-01,1.842523086165700263e+00
-5.107611508160776470e-01,2.162335287360926728e+00,-2.360889895770737490e-01,-2.441524614596722209e+00,-3.639877758245760875e-01,1.850857365453781433e+00
-5.077580152408828207e-01,2.158658320376215745e+00,-2.797010053149456832e-01,-2.400031263227283329e+00,-3.614945260032447205e-01,1.859229705785681919e+00
-5.040643900290521229e-01,2.152713769088961282e+00,-3.195196610420659167e-01,-2.359992109823105810e+00,-3.584162699441325595e-01,1.867663329980108644e+00
-4.996043657613739586e-01,2.144413219460517439e+00,-3.552699992945875240e-01,-2.321604402328970362e+00,-3.546918969266364963e-01,1.876182382548357008e+00
-4.942920691581256798e-01,2.133692098835490825e+00,-3.867270434712488103e-01,-2.285039086083631599e+00,-3.502524765085230363e-01,1.884811840596761989e+00
-4.880293164310842702e-01,2.120505744960009320e+00,-4.137050228289760878e-01,-2.250447524444497915e+00,-3.450193959242169317e-01,1.893577487486218791e+00
-4.807030430832318069e-01,2.104825230250146451e+00,-4.360465885487636584e-01,-2.217968067778891772e+00,-3.389023477672847284e-01,1.902505884732061503e+00
-4.721825451899088755e-01,2.086633344349953401e+00,-4.536130558232402965e-01,-2.187731811809724203e+00,-3.317972032560694284e-01,1.911624262057970425e+00
-4.623165842773039880e-01,2.065920939111371091e+00,-4.662761701830279160e-01,-2.159867224038902300e+00,-3.235838205884969954e-01,1.920960226821528005e+00
-4.509304679808723848e-01,2.042683715140565237e+00,-4.739115558821471730e-01,-2.134503533679540155e+00,-3.141238877364456727e-01,1.930541165338465870e+00
-4.378233435288705344e-01,2.016919482069730485e+00,-4.763938621385458982e-01,-2.111772875371186409e+00,-3.032590014554065183e-01,1.940393164273296334e+00
-4.227661649833179269e-01,1.988625950958951893e+00,-4.735936576926458308e-01,-2.091811164967983583e+00,-2.908093657484961958e-01,1.950539216388189834e+00
-4.055011704335147460e-01,1.957799217192573771e+00,-4.653763258382963008e-01,-2.074757575965664014e+00,-2.765737936580460188e-01,1.960996391812829698e+00
-3.857443039264600859e-01,1.924433278648606027e+00,-4.516036001467320649e-01,-2.060752270963882804e+00,-2.603321702388788905e-01,1.971771564376522567e+00
-3.631929172614590251e-01,1.888521231972420278e+00,-4.321390051155623024e-01,-2.049931701507484050e+00,-2.418522383158540345e-01,1.982855217951623228e+00
-3.375423197756975413e-01,1.850059225339121705e+00,-4.068593825044490297e-01,-2.042420297722846279e+00,-2.209035160205606585e-01,1.994212907636462306e+00
-3.085161435776650474e-01,1.809054805173753611e+00,-3.756758754358300867e-01,-2.038316746743885410e+00,-1.972821971036846644e-01,2.005774296517790489e+00
-2.759163634653623021e-01,1.765541820201267820e+00,-3.385689056282706888e-01,-2.037672485455181093e+00,-1.708514500174435347e-01,2.017420646074392643e+00
-2.396973828927517203e-01,1.719604037191171608e+00,-2.956417992757666702e-01,-2.040460073702922816e+00,-1.416002046576018691e-01,2.028973611674162569e+00
-2.000615764998992796e-01,1.671407983749999993e+00,-2.471945036063661338e-01,-2.046531008575059207e+00,-1.097177321886493306e-01,2.040191333725918543e+00
-1.575573393805799749e-01,1.621240694700965213e+00,-1.938088385053965690e-01,-2.055568112971211558e+00,-7.566831273201166108e-02,2.050781060555622037e+00
-1.131363081030536122e-01,1.569539495978851118e+00,-1.364183714957711291e-01,-2.067047632604849472e+00,-4.023141566361979060e-02,2.060437273896301491e+00
-6.811023530067944476e-02,1.516892931888310425e+00,-7.631741454014875914e-02,-2.080236094288463455e+00,-4.461249733942650175e-03,2.068904908677431376e+00
-2.397185437715391304e-02,1.463995323233578727e+00,-1.506798734270637513e-02,-2.094244258086130905e+00,3.045998008347359370e-02,2.076047942434748439e+00
1.787890952459771782e-02,1.411560235045026923e+00,4.568945665149919122e-02,-2.108134605541568174e+00,6.343946683288384514e-02,2.081888361265780585e+00
5.638556712055176751e-02,1.360226927292057519e+00,1.044510648892419957e-01,-2.121043374885640986e+00,9.366784308935055536e-02,2.086591074780629995e+00
9.095326054095523305e-02,1.310499312280083428e+00,1.600014660868347427e-01,-2.132268005773811481e+00,1.207057612843878552e-01,2.090404871223755734e+00
1.214169071118574306e-01,1.262732378281160805e+00,2.114624735166388270e-01,-2.141297549082272322e+00,1.444525001921546925e-01,2.093594548238205455e+00
1.479222410954787736e-01,1.217153284698408333e+00,2.582605671539717762e-01,-2.147797611354365532e+00,1.650482991575662195e-01,2.096393287951524798e+00
1.707938676649102261e-01,1.173895578690244079e+00,3.000586499110871608e-01,-2.151574530557148535e+00,1.827689471252439413e-01,2.098982446217745768e+00
1.904318183660181074e-01,1.133031552234727846e+00,3.366862732766297550e-01,-2.152537555518099666e+00,1.979444382422999582e-01,2.101491051163315138e+00
2.072455900633880521e-01,1.094596916566230815e+00,3.680832555369819570e-01,-2.150667429774582917e+00,2.109078680798504024e-01,2.104004605485324753e+00
2.216186468965431200e-01,1.058607515144522893e+00,3.942590426095532452e-01,-2.145992962406337856e+00,2.219684757278831133e-01,2.106576067050416778e+00
2.338929575541508488e-01,1.025069801379567602e+00,4.152651148103158052e-01,-2.138574382293231047e+00,2.314003607367717819e-01,2.109235631603155969e+00
2.443650300896861305e-01,9.939869967375577486e-01,4.311768286316817189e-01,-2.128491707081344941e+00,2.394400732456126446e-01,2.111998304181264441e+00
2.532877927003209795e-01,9.653624386207719787e-01,4.420816697736832945e-01,-2.115836611147288160e+00,2.462886307743375747e-01,2.114869336040849035e+00
2.608749996588540787e-01,9.392011615455464479e-01,4.480717529323834936e-01,-2.100706693250348422e+00,2.521153784920169283e-01,2.117847960390608630e+00
2.673063760742728778e-01,9.155103881328706672e-01,4.492391310315544395e-01,-2.083201406779261688e+00,2.570623217387540960e-01,2.120929889325134265e+00
2.727326241250747629e-01,8.942993510432776239e-01,4.456730049227308754e-01,-2.063419183893121289e+00,2.612482702331719864e-01,2.124108952348811474e+00
2.772799155207076316e-01,8.755786969100258776e-01,4.374582889038292066e-01,-2.041455473808445387e+00,2.647725217688293720e-01,2.127378157356393018e+00
2.810537561963397102e-01,8.593596102429845729e-01,4.246752373590264029e-01,-2.017401548183105575e+00,2.677180125339229666e-01,2.130730370231170845e+00
2.841422360740363806e-01,8.456527180375970065e-01,4.074000134991981881e-01,-1.991344022195914443e+00,2.701539559563544968e-01,2.134158745880016639e+00
2.866187319754509022e-01,8.344667807539446480e-01,3.857062095965801962e-01,-1.963365111603215363e+00,2.721380316221575502e-01,2.137656999054348805e+00
2.885441507726417831e-01,8.258071347658962891e-01,3.596674245849033613e-01,-1.933543701072111931e+00,2.737181978989410291e-01,2.141219573097999707e+00
2.899688017414336905e-01,8.196738225467092853e-01,3.293610742617937293e-01,-1.901957339143081516e+00,2.749342012051404494e-01,2.144841744523734217e+00
2.909339817340995116e-01,8.160593315452804308e-01,2.948736456074390611e-01,-1.868685295728149010e+00,2.758188489746916661e-01,2.148519687685894297e+00
2.914733488496951685e-01,8.149458675748109115e-01,2.563075915621519929e-01,-1.833812807019295388e+00,2.763991057859825906e-01,2.152250514328073905e+00
2.916141512272000247e-01,8.163021254582378816e-01,2.137899637733914060e-01,-1.797436569274142082e+00,2.766970639800147569e-01,2.156032295709481517e+00
2.913783667926973520e-01,8.200796048666919580e-01,1.674826541903370880e-01,-1.759671398721543101e+00,2.767308309857559045e-01,2.159864069204477488e+00
2.907837951574152591e-01,8.262086689350540691e-01,1.175937172018872573e-01,-1.720657720768339782e+00,2.765153640896120812e-01,2.163745826130384131e+00
2.898451216098955063e-01,8.345947626494267801e-01,6.438865569437726699e-02,-1.680569176414976829e+00,2.760632677120553047e-01,2.167678473127839123e+00
2.885749433829659094e-01,8.451154726004279638e-01,8.199839365917921397e-03,-1.639619175937401696e+00,2.753855472653827796e-01,2.171663756503206866e+00
2.869847117650709545e-01,8.576193427078867559e-01,-5.056841643908587675e-02,-1.598064816643120833e+00,2.744922887310060067e-01,2.175704139100619106e+00
2.850855083948563018e-01,8.719274254271757174e-01,-1.114417857176749627e-01,-1.556206442713808702e+00,2.733932100104313201e-01,2.179802624297816571e+00
2.828885557829754482e-01,8.878382862228199057e-01,-1.738868955734919064e-01,-1.514381531121376190e+00,2.720980193897964416e-01,2.183962532392607514e+00
2.804053783548873247e-01,9.051365118439301805e-01,-2.373315953371101239e-01,-1.472952678304193297e+00,2.706165295414743599e-01,2.188187249064061035e+00
2.776475885476269445e-01,9.236038257914479521e-01,-3.011923139862575649e-01,-1.432291035627962117e+00,2.689585164186798494e-01,2.192479978457900991e+00
2.746263579471614480e-01,9.430310485733198744e-01,-3.649039899589663349e-01,-1.392757998428452826e+00,2.671333701293972518e-01,2.196843537945706082e+00
2.713517104256032986e-01,9.632287873361062847e-01,-4.279470939390636053e-01,-1.354688572584104689e+00,2.651496348707673145e-01,2.201280223742341668e+00
2.678318062408600042e-01,9.840351090263926848e-01,-4.898671960666173275e-01,-1.318379269513606511e+00,2.630145533019291881e-01,2.205791758723588014e+00
2.640723607010080354e-01,1.005319361986944493e+00,-5.502848828502903133e-01,-1.284081910968610352e+00,2.607337103900597697e-01,2.210379313824918590e+00
2.600762770530583579e-01,1.026982317878756046e+00,-6.088964403053779284e-01,-1.252003092298780151e+00,2.583108266942837350e-01,2.215043580491950603e+00
2.558435043643943474e-01,1.048953507302645027e+00,-6.654675371246990823e-01,-1.222307917758920892e+00,2.557477043011874840e-01,2.219784867416411345e+00
2.513710831616372543e-01,1.071186870387610623e+00,-7.198227798342972106e-01,-1.195126224803284343e+00,2.530442971380901240e-01,2.224603198551196481e+00
2.466533220937084103e-01,1.093655729521751718e+00,-7.718337125363992079e-01,-1.170559703280314334e+00,2.501988655247764926e-01,2.229498396901243851e+00
2.416820514866235003e-01,1.116347802742566619e+00,-8.214070864705916852e-01,-1.148688782572900635e+00,2.472081776707630019e-01,2.234470146055480999e+00
2.364469134132413386e-01,1.139260670870675618e+00,-8.684744386139215955e-01,-1.129578649016576897e+00,2.440677307591745948e-01,2.239518026914177895e+00
2.309356639718477544e-01,1.162397871760664003e+00,-9.129834056236553197e-01,-1.113284135878507941e+00,2.407719753321087286e-01,2.244641530251084927e+00
2.251344770831653075e-01,1.185765640784801400e+00,-9.548908080816180810e-01,-1.099853469547741991e+00,2.373145358124398030e-01,2.249840047143711441e+00
2.190282487538261214e-01,1.209370234641272024e+00,-9.941573339841069945e-01,-1.089330981804700560e+00,2.336884262681015734e-01,2.255112839616401743e+00
2.126009066390620039e-01,1.233215743022103350e+00,-1.030743569728310938e+00,-1.081758947006393079e+00,2.298862641968378029e-01,2.260458993657354476e+00
2.058357326925003838e-01,1.257302289161921216e+00,-1.064607118291887478e+00,-1.077178708083984082e+00,2.259004868022963519e-01,2.265877356482363769e+00
1.987157075369279380e-01,1.281624531370274989e+00,-1.095700570620723679e+00,-1.075631239630530978e+00,2.217235745401969216e-01,2.271366459746931188e+00
1.912238845269249032e-01,1.306170394510983046e+00,-1.123970134927468667e+00,-1.077157273996429465e+00,2.173482860703570274e-01,2.276924430463242111e+00
1.833437996690248650e-01,1.330919978269704762e+00,-1.149354767708149261e+00,-1.081797094535338344e+00,2.127679074302239459e-01,2.282548891697923743e+00
1.750599208191691569e-01,1.355844605692757110e+00,-1.171785684368527924e+00,-1.089590082205796673e+00,2.079765164109667330e-01,2.288236855703535522e+00
1.663581360188724489e-01,1.380905990005624417e+00,-1.191186154573393718e+00,-1.100574088624081126e+00,2.029692608807590337e-01,2.293984612927897793e+00
1.572262766071151618e-01,1.406055509895734801e+00,-1.207471507717512660e+00,-1.114784700231937098e+00,1.977426472810995262e-01,2.299787621270138693e+00
1.476546661035562091e-01,1.431233593265564652e+00,-1.220549287933614613e+00,-1.132254453816991413e+00,1.922948328954920960e-01,2.305640400889659158e+00
1.376366812233476011e-01,1.456369216930436528e+00,-1.230319506685164210e+00,-1.153012062317363418e+00,1.866259130219463103e-01,2.311536440661359659e+00
1.271693074012253677e-01,1.481379534761696037e+00,-1.236674945113660051e+00,-1.177081710686005644e+00,1.807381922497761917e-01,2.317468122810535824e+00
1.162536687556294107e-01,1.506169649162598434e+00,-1.239501458717243043e+00,-1.204482483581290175e+00,1.746364281333449009e-01,2.323426672143033667e+00
1.048955125917652859e-01,1.530632540240053574e+00,-1.238678234358432162e+00,-1.235227988772859220e+00,1.683280362300525745e-01,2.329402135421696940e+00
9.310563249672847153e-02,1.554649163331321304e+00,-1.234077944740826993e+00,-1.269326241407872979e+00,1.618232482892665303e-01,2.335383394711069371e+00
8.090022291420015388e-02,1.578088718498015020e+00,-1.225566739090827362e+00,-1.306779873746671150e+00,1.551352208075848504e-01,2.341358215926699682e+00
6.830117260887691444e-02,1.600809085271655885e+00,-1.213004001626899697e+00,-1.347586731874741650e+00,1.482800994559165808e-01,2.347313330562213363e+00
5.533632495935517787e-02,1.622657402723991282e+00,-1.196241802378923857e+00,-1.391740914695082765e+00,1.412770559743918297e-01,2.353234544994273314e+00
4.203975923729226516e-02,1.643470759668162806e+00,-1.175123959038874899e+00,-1.439234300960063662e+00,1.341483275930577257e-01,2.359106868412113922e+00
2.845217795070566214e-02,1.663076943795800178e+00,-1.149484625014154604e+00,-1.490058597224247716e+00,1.269193040819640850e-01,2.364914647897100597e+00
1.462151932275787547e-02,1.681295183712593566e+00,-1.119146319472566820e+00,-1.544207923423315032e+00,1.196187230731928369e-01,2.370641698062247560e+00
6.039487493603064305e-04,1.697936806789741127e+00,-1.083917322895949775e+00,-1.601681932833699751e+00,1.122790489591581481e-01,2.376271413343917338e+00
-1.353458475413425559e-02,1.712805732355243915e+00,-1.043588382196589448e+00,-1.662489437426563299e+00,1.049371226280846059e-01,2.381786853594836106e+00
-2.771601741138977198e-02,1.725698730185815766e+00,-9.979287141702736230e-01,-1.726652472673800620e+00,9.763517560723920796e-02,2.387170797710220782e+00
-4.184685157893339169e-02,1.736405409381753806e+00,-9.466813876906393643e-01,-1.794210675506272334e+00,9.042229723018770093e-02,2.392405764746123431e+00
-5.581367611316227773e-02,1.744707982678218139e+00,-8.895583483687008464e-01,-1.865225740324370829e+00,8.335641583903596885e-02,2.397474005782256334e+00
-6.947748739821063557e-02,1.750381014175552474e+00,-8.262357109570760416e-01,-1.939785511726148437e+00,7.650678214021872092e-02,2.402357470059082623e+00
-8.266709235431596303e-02,1.753191675536668326e+00,-7.563506478389906418e-01,-2.018006876307224307e+00,6.995678206461455884e-02,2.407037741671766540e+00
-9.517254693205767779e-02,1.752901634969110445e+00,-6.795025431409470462e-01,-2.100035860996980919e+00,6.380658379020616444e-02,2.411495922813434056e+00
-1.067408699768013641e-01,1.749272798347725644e+00,-5.952635639181067528e-01,-2.186041945653418139e+00,5.817452513760056759e-02,2.415712401215811322e+00
-1.170785021803250892e-01,1.742081013597514216e+00,-5.032081525376006503e-01,-2.276201135189352520e+00,5.319513837904450704e-02,2.419666387357407800e+00
-1.258683139817322327e-01,1.731144778313381316e+00,-4.029778153642171734e-01,-2.370658438126929113e+00,4.901024896993025348e-02,2.423335079803713210e+00
-1.328125928874149819e-01,1.716379477687980160e+00,-2.944060390744098199e-01,-2.469455602369886815e+00,4.574809891054883865e-02,2.426692437316590123e+00
-1.377136533764158066e-01,1.697888615835128512e+00,-1.777311677500522102e-01,-2.572408356063808466e+00,4.348568303893519255e-02,2.429708055406677225e+00
-1.405912395278377247e-01,1.676092633763108797e+00,-5.390080214329388830e-02,-2.678931716888484971e+00,4.219562805447373693e-02,2.432347799429071422e+00
-1.417982862822196044e-01,1.651857638747621149e+00,7.511834353604042447e-02,-2.787864342613422863e+00,4.169625214664964691e-02,2.434579099135766977e+00
-1.420422203359918700e-01,1.626521591453677695e+00,2.062669749809817876e-01,-2.897433312572901709e+00,4.164718804027857380e-02,2.436382597036253372e+00
-1.422202205739078740e-01,1.601698107727883347e+00,3.358452113126539906e-01,-3.005525595219621149e+00,4.162977307289909140e-02,2.437765221778688041e+00
-1.431194820992393868e-01,1.578886978618834647e+00,4.604272210844788660e-01,-3.110222533382105858e+00,4.128486289942714244e-02,2.438763009389171010e+00
-1.451956207423295009e-01,1.559137823893560482e+00,5.776516268921911834e-01,-3.210248912086868689e+00,4.041006323693464158e-02,2.439428732349111062e+00
-1.485649381357868060e-01,1.542972095879332484e+00,6.863948715280348001e-01,-3.305053679093904240e+00,3.895834226132497552e-02,2.439814928040469955e+00
-1.531312279262766196e-01,1.530510174590617778e+00,7.864559322594046886e-01,-3.394608412047968038e+00,3.697759919699526027e-02,2.439964299648817558e+00
-1.587133585759273602e-01,1.521640699008790509e+00,8.781447107188641299e-01,-3.479158087028241919e+00,3.455219581390885086e-02,2.439908489009634085e+00
-1.651206705494139004e-01,1.516143926405258968e+00,9.619854085796110121e-01,-3.559045939803836767e+00,3.176922706559361792e-02,2.439670543075272313e+00
-1.721842999612074043e-01,1.513760908996430565e+00,1.038552892711635200e+00,-3.634619539018984380e+00,2.870493845369884861e-02,2.439267715111165469e+00
-1.797647318001273364e-01,1.514226555971390553e+00,1.108397150525351149e+00,-3.706189550104089570e+00,2.542176571514730143e-02,2.438713526607260373e+00
-1.877495026954285606e-01,1.517283264871651216e+00,1.172014900046145058e+00,-3.774016221184455677e+00,2.196965850496412909e-02,2.438019081688653333e+00
-1.960479574943808090e-01,1.522685272013220681e+00,1.229843600771161283e+00,-3.838308770288285654e+00,1.838860876151605928e-02,2.437193869877865904e+00
-2.045858992265085496e-01,1.530199012907033529e+00,1.282265039734427292e+00,-3.899230118038955695e+00,1.471114770961979949e-02,2.436246262230913562e+00
-2.133010835713509690e-01,1.539602044249501978e+00,1.329612351990591801e+00,-3.956903414648112793e+00,1.096441586977127229e-02,2.435183832505246393e+00
-2.221397415154593713e-01,1.550681687634372530e+00,1.372177701705961539e+00,-4.011418794747241279e+00,7.171744493588172800e-03,2.434013578820910517e+00
-2.310540434976695867e-01,1.563233880564473210e+00,1.410219459529281183e+00,-4.062839722425413136e+00,3.353800223756125271e-03,2.432742086618969957e+00
-2.400003471098254848e-01,1.577062401407063552e+00,1.443968454820431013e+00,-4.111208703836610745e+00,-4.706284633110122302e-04,2.431375653968340433e+00
-2.489380699259820806e-01,1.591978487510805618e+00,1.473633211436049528e+00,-4.156552319319878563e+00,-4.284127462676001231e-03,2.429920389394206293e+00
-2.578290481049514415e-01,1.607800800228598836e+00,1.499404213748059655e+00,-4.198885593000014183e+00,-8.070370838627227011e-03,2.428382286604803486e+00
-2.666372618501990366e-01,1.624355664396310184e+00,1.521457300405124613e+00,-4.238215737512711634e+00,-1.181399754306092405e-02,2.426767277655815125e+00
-2.753288257845036280e-01,1.641477502768138974e+00,1.539956296268743641e+00,-4.274545313613826281e+00,-1.550060477609969262e-02,2.425081265051757029e+00
-2.838721559470418487e-01,1.659009388528188023e+00,1.555054990572410034e+00,-4.307874841836564883e+00,-1.911681835127596735e-02,2.423330133362391337e+00
-2.922382370168765120e-01,1.676803646758474375e+00,1.566898561634531895e+00,-4.338204901283684300e+00,-2.265040610972425539e-02,2.421519741666867009e+00
-3.004009250204134895e-01,1.694722446345740208e+00,1.575624539449703265e+00,-4.365537750675972717e+00,-2.609040587338067041e-02,2.419655899161603063e+00
-3.083372330754719504e-01,1.712638335898521547e+00,1.581363388552995630e+00,-4.389878508819988312e+00,-2.942724505495020529e-02,2.417744327272349114e+00
-3.160275608001201775e-01,1.730434689844025264e+00,1.584238784954755008e+00,-4.411235934897201005e+00,-3.265283492956828210e-02,2.415790612356485401e+00
-3.234558413918248165e-01,1.748006043165283518e+00,1.584367652579937724e+00,-4.429622852424266455e+00,-3.576062852052169783e-02,2.413800153416371330e+00
-3.306095932199808463e-01,1.765258304525258337e+00,1.581860016397732993e+00,-4.445056263509858496e+00,-3.874563670050475833e-02,2.411778109115995772e+00
-3.374798741541581437e-01,1.782108847254419981e+00,1.576818721275427881e+00,-4.457557201510242706e+00,-4.160440207050999928e-02,2.409729347842556990e+00
-3.440611460196267846e-01,1.798486485485170316e+00,1.569339057625585232e+00,-4.467150370037828111e+00,-4.433493413545836620e-02,2.407658403692949811e+00
-3.503510630973342144e-01,1.814331348438795954e+00,1.559508327297514541e+00,-4.473863614460284133e+00,-4.693661207407072433e-02,2.405569440239206713e+00
-3.563502023979633893e-01,1.829594669542107921e+00,1.547405376070379868e+00,-4.477727268719042364e+00,-4.941006298372771499e-02,2.403466222884166559e+00
-3.620617547895482180e-01,1.844238508863803583e+00,1.533100112688814631e+00,-4.478773415812764114e+00,-5.175702399029397799e-02,2.401352099680043928e+00
-3.674911954165054895e-01,1.858235427612964008e+00,1.516653028745258647e+00,-4.477035095014249677e+00,-5.398019626245032648e-02,2.399229989727546641e+00
-3.726459497894694106e-01,1.871568132481911340e+00,1.498114728902508741e+00,-4.472545483198760330e+00,-5.608309801609549783e-02,2.397102377736612056e+00
-3.775350690235493856e-01,1.884229105791314973e+00,1.477525476962846307e+00,-4.465337071895888243e+00,-5.806992228936815048e-02,2.394971313008303238e+00
-3.821689244554258846e-01,1.896220235019204337e+00,1.454914760092949511e+00,-4.455440856110987724e+00,-5.994540382981360799e-02,2.392838410960499651e+00
-3.865589286589263263e-01,1.907552452620322248e+00,1.430300871063336254e+00,-4.442885545804864833e+00,-6.171469802693562573e-02,2.390704855322459910e+00
-3.907172869597975162e-01,1.918245394250198910e+00,1.403690506627526036e+00,-4.427696806325571721e+00,-6.338327355457147594e-02,2.388571399215651425e+00
-3.946567810625956629e-01,1.928327080706978114e+00,1.375078379157426811e+00,-4.409896530170989593e+00,-6.495681931610450266e-02,2.386438363473945667e+00
-3.983905843905105049e-01,1.937833626125573527e+00,1.344446838440678027e+00,-4.389502139331860953e+00,-6.644116542836532580e-02,2.384305630696268885e+00
-4.019321071768083842e-01,1.946808972157843431e+00,1.311765501304912762e+00,-4.366525915248455014e+00,-6.784221732402864746e-02,2.382172633638646619e+00
-4.052948681603800729e-01,1.955304644918560042e+00,1.276990888781474931e+00,-4.340974352295640770e+00,-6.916590156399095302e-02,2.380038336618316208e+00
-4.084923888215230559e-01,1.963379528136315999e+00,1.240066074390461903e+00,-4.312847530985719935e+00,-7.041812158418982170e-02,2.377901208605492922e+00
-4.115381053186323856e-01,1.971099641851563167e+00,1.200920353671894425e+00,-4.282138509221507405e+00,-7.160472130026354631e-02,2.375759186609816442e+00
-4.144452925017725886e-01,1.978537910590742133e+00,1.159468955629915143e+00,-4.248832734701274205e+00,-7.273145419497983877e-02,2.373609627825730151e+00
-4.172269934078259856e-01,1.985773897381033937e+00,1.115612833329255871e+00,-4.212907490161629021e+00,-7.380395514370437227e-02,2.371449248788700004e+00
-4.198959462657947950e-01,1.992893469019080710e+00,1.069238596562110954e+00,-4.174331397383840958e+00,-7.482771170249390147e-02,2.369274049529193071e+00
-4.224644989789593241e-01,1.999988341854407992e+00,1.020218688893681946e+00,-4.133064028587797090e+00,-7.580803077678582858e-02,2.367079220433383480e+00
-4.249444979304228265e-01,2.007155433362946440e+00,9.684119712796821489e-01,-4.089055709195783983e+00,-7.674999535400685302e-02,2.364859029310923066e+00
-4.273471332834515302e-01,2.014495909239920390e+00,9.136649645798919916e-01,-4.042247650102894774e+00,-7.765840411750855876e-02,2.362606686191769167e+00
-4.296827160740354090e-01,2.022113763568889055e+00,8.558141371172771628e-01,-3.992572629167110421e+00,-7.853768399691744839e-02,2.360314183928188481e+00
-4.319603525499263741e-01,2.030113694467448937e+00,7.946898181572891184e-01,-3.939956561952024927e+00,-7.939176173001261105e-02,2.357972114312400613e+00
-4.341874676492228913e-01,2.038597932773053678e+00,7.301225925701493313e-01,-3.884321473766842558e+00,-8.022387499137301203e-02,2.355569463091430560e+00
-4.363691119607568947e-01,2.047661543034852816e+00,6.619533982419935070e-01,-3.825590618779000973e+00,-8.103629643629232937e-02,2.353093394562773444e+00
-4.385069662915558331e-01,2.057385551845108740e+00,5.900489904234920147e-01,-3.763696781924742218e+00,-8.182993558262598166e-02,2.350529049845497820e+00
-4.405979403743107148e-01,2.067827105655039688e+00,5.143248650820568812e-01,-3.698595095566049817e+00,-8.260377583395631107e-02,2.347859405852847470e+00
-4.426322608594745467e-01,2.079005820539721494e+00,4.347778890111121397e-01,-3.630281854486775650e+00,-8.335410245434017595e-02,2.345065278018128030e+00
-4.445909865578048792e-01,2.090885778617828539e+00,3.515302061960642321e-01,-3.558820480050070678e+00,-8.407349305646623361e-02,2.342125599687078896e+00
-4.464430223755997962e-01,2.103353627926878300e+00,2.648834966637275690e-01,-3.484374358645081937e+00,-8.474959383035793326e-02,2.339018165183205156e+00
-4.481419805063005524e-01,2.116195418566636732e+00,1.753771383506718962e-01,-3.407242979479839562e+00,-8.536381407496274054e-02,2.335721048526871790e+00
-4.496236623736808435e-01,2.129078293667202804e+00,8.383488445590542293e-02,-3.327892310352706051e+00,-8.589024165833245017e-02,2.332214836114285816e+00
-4.508053462351894192e-01,2.141546816721117796e+00,-8.624771582013565641e-03,-3.246964354133291764e+00,-8.629525043073162094e-02,2.328485550746648869e+00
-4.515880411528751526e-01,2.153044258892087726e+00,-1.006407682740359660e-01,-3.165249520852977838e+00,-8.653826981257344009e-02,2.324527682351376967e+00
-4.518619236437778075e-01,2.162962416671023291e+00,-1.907329641975677448e-01,-3.083615625252755343e+00,-8.657382008991434952e-02,2.320346293462848042e+00
-4.515134349604592590e-01,2.170709681320825535e+00,-2.774700975299450034e-01,-3.002908958458012201e+00,-8.635422637585225825e-02,2.315957181635522666e+00
-4.504311960258518543e-01,2.175775143816135682e+00,-3.596251287866747970e-01,-2.923861793867043257e+00,-8.583188656181120479e-02,2.311384817579117179e+00
-4.485083373935501161e-01,2.177767811905123363e+00,-4.362651917464395179e-01,-2.847038715387389729e+00,-8.496012534074730282e-02,2.306658812732135466e+00
-4.456408022190990748e-01,2.176424292133989358e+00,-5.067608992246440680e-01,-2.772831579495088850e+00,-8.369243585646400641e-02,2.301810178805722806e+00
-4.417229765279113152e-01,2.171593013372431269e+00,-5.707374820616919475e-01,-2.701489766014010474e+00,-8.198062879371768863e-02,2.296868321864939499e+00
-4.366424982675288224e-01,2.163208356767220675e+00,-6.280029274837856113e-01,-2.633164354721896583e+00,-7.977261817063974192e-02,2.291859023427718967e+00
-4.302755981240767857e-01,2.151264963291108501e+00,-6.784794043942661279e-01,-2.567950120876872244e+00,-7.701038610121051231e-02,2.286803152523750882e+00
-4.224836620751836191e-01,2.135797043088843772e+00,-7.221497963661700492e-01,-2.505918044138686351e+00,-7.362841358568192329e-02,2.281715682163191872e+00
-4.131113454660023110e-01,2.116863573185022052e+00,-7.590209962585272585e-01,-2.447137261936460195e+00,-6.955272928430417112e-02,2.276604625279952998e+00
-4.019865559785548714e-01,2.094538475527008892e+00,-7.891011378108164775e-01,-2.391688171479038338e+00,-6.470073473628865091e-02,2.271469611534124411e+00
-3.889228486030628651e-01,2.068904471245961663e+00,-8.123870553266774319e-01,-2.339668960481445570e+00,-5.898207207430098548e-02,2.266299931133141765e+00
-3.737251331414223054e-01,2.040049534320989011e+00,-8.288589098329741667e-01,-2.291197488877425581e+00,-5.230096868187406045e-02,2.261071976128274486e+00
-3.561999903492281128e-01,2.008065270731380636e+00,-8.384799485345171277e-01,-2.246409858802145720e+00,-4.456068532615452271e-02,2.255746149305488224e+00
-3.361721849953039909e-01,1.973046929191138776e+00,-8.412003023103961086e-01,-2.205456482885011393e+00,-3.567084898422025196e-02,2.250263536854259616e+00
-3.135088799358550782e-01,1.935095016617491170e+00,-8.369644096884489848e-01,-2.168496076466162048e+00,-2.555844520764960145e-02,2.244543003005601722e+00
-2.881521262598683575e-01,1.894318568788285084e+00,-8.257219865868630215e-01,-2.135687786840025915e+00,-1.418285854014574889e-02,2.238479874846448503e+00
-2.601578223833039272e-01,1.850839915681001147e+00,-8.074422986501892385e-01,-2.107181671835699710e+00,-1.554288213223047749e-03,2.231947942398077256e+00
-2.297351248032318272e-01,1.804800204579506184e+00,-7.821306877445722838e-01,-2.083108003020808674e+00,1.224707644225097626e-02,2.224806781156899227e+00
-1.972749748982801643e-01,1.756364094588344527e+00,-7.498449174266096362e-01,-2.063566382866269144e+00,2.705627957016141366e-02,2.216915828011152723e+00
-1.633528038289106254e-01,1.705721378681809286e+00,-7.107075783066102437e-01,-2.048616199983105179e+00,4.262025839942681915e-02,2.208154614561959939e+00
-1.286932114851476738e-01,1.653083655653600381e+00,-6.649109096635619220e-01,-2.038269955300181735e+00,5.861201646430548584e-02,2.198445215043994150e+00
-9.409643292295785666e-02,1.598676173458921213e+00,-6.127132790075946467e-01,-2.032489867212257106e+00,7.466306035609381053e-02,2.187769939153248799e+00
-6.034370883096008831e-02,1.542727991592878878e+00,-5.544317585562368311e-01,-2.031185960967137660e+00,9.040677663030549649e-02,2.176177270819256826e+00
-2.811004945615178802e-02,1.485465687293606507e+00,-4.904396508228026641e-01,-2.034211796776193459e+00,1.055197306466627294e-01,2.163773300958204970e+00
2.090894244012798942e-03,1.427115197616667164e+00,-4.211778497549143463e-01,-2.041353772261690125e+00,1.197490620514316262e-01,2.150702152288273439e+00
2.992139845630641462e-02,1.367913269445674151e+00,-3.471838607661598686e-01,-2.052312179423935845e+00,1.329213703782045619e-01,2.137122857641240881e+00
5.520201930268164858e-02,1.308126157995664229e+00,-2.691345340911244777e-01,-2.066676127108666883e+00,1.449363529832943531e-01,2.123189633195599946e+00
7.787802576799164600e-02,1.248070058892299272e+00,-1.878906653757040912e-01,-2.083898969723246175e+00,1.557524716852814739e-01,2.109039002505129545e+00
9.798471574235904924e-02,1.188125603578246592e+00,-1.045249613984477743e-01,-2.103285143700015514e+00,1.653715551664216299e-01,2.094783707621531654e+00
1.156201426012590516e-01,1.128738059398335603e+00,-2.031176064149699256e-02,-2.124001550581533504e+00,1.738265010291425439e-01,2.080511483155245145e+00
1.309271177088686400e-01,1.070397290266449586e+00,6.333753807996166107e-02,-2.145123330158265951e+00,1.811731474067507508e-01,2.066286565178160117e+00
1.440816618206235411e-01,1.013598535946349077e+00,1.449908362228618797e-01,-2.165712198808942723e+00,1.874850916707737070e-01,2.052152472762956315e+00
1.552834278630138842e-01,9.587946345233783196e-01,2.233348469800766067e-01,-2.184908937434296039e+00,1.928493359869589141e-01,2.038135359683856063e+00
1.647450538818782395e-01,9.063559414509153589e-01,2.972932001648692646e-01,-2.202011486360350823e+00,1.973612534625497072e-01,2.024247646179990756e+00
1.726803937606877226e-01,8.565504969848570793e-01,3.660880283553916703e-01,-2.216516144889153939e+00,2.011188137088456285e-01,2.010491677333833493e+00
1.792936874411568127e-01,8.095464840743855639e-01,4.292384311562180699e-01,-2.228117609482707095e+00,2.042170902014290579e-01,1.996863073675034572e+00
1.847717378151828849e-01,7.654299072810382132e-01,4.865145514221702605e-01,-2.236679846222354495e+00,2.067441286876892659e-01,1.983353477106774010e+00
1.892798235299210097e-01,7.242278224056226676e-01,5.378738151325037631e-01,-2.242194885632622370e+00,2.087786149989143414e-01,1.969952564662960093e+00
1.929608001102617043e-01,6.859300103993093423e-01,5.833993880335436311e-01,-2.244742540872505909e+00,2.103891330333485521e-01,1.956649380692434326e+00
1.959362949997593695e-01,6.505058662565430527e-01,6.232504489786621082e-01,-2.244457379351611603e+00,2.116345035965074284e-01,1.943433136696874675e+00
1.983089611839923549e-01,6.179160700589181321e-01,6.576261258116499198e-01,-2.241504290031906876e+00,2.125646998377762609e-01,1.930293644406175124e+00
2.001650607424384776e-01,5.881199204237034239e-01,6.867411538576294605e-01,-2.236061522785070643e+00,2.132219734824882529e-01,1.917221519061844015e+00
2.015769592800160936e-01,5.610795301441190430e-01,7.108102646497204136e-01,-2.228309361779920561e+00,2.136419744932995524e-01,1.904208249673079667e+00
2.026053352879710889e-01,5.367619479497858226e-01,7.300385561862661188e-01,-2.218422720088729871e+00,2.138547570516049490e-01,1.891246198016827362e+00
2.033010422899709513e-01,5.151400058713627717e-01,7.446157391348273702e-01,-2.206566333904094623e+00,2.138856326425520038e-01,1.878328562987908512e+00
2.037066310530095403e-01,4.961924420541372616e-01,7.547127897803856955e-01,-2.192891629382637486e+00,2.137558674113116397e-01,1.865449330640500891e+00
2.038575693883764861e-01,4.799036564707349628e-01,7.604800409128870120e-01,-2.177534647693435854e+00,2.134832377069385834e-01,1.852603220479517310e+00
2.037832060369322573e-01,4.662633219645042626e-01,7.620460967868422086e-01,-2.160614636241724451e+00,2.130824635395245636e-01,1.839785633019564104e+00
2.035075236995911585e-01,4.552659828051234814e-01,7.595171968470363355e-01,-2.142233063617260846e+00,2.125655399429023373e-01,1.826992600694707480e+00
2.030497204370278197e-01,4.469107139609300727e-01,7.529768091624499116e-01,-2.122472913700061969e+00,2.119419839963755103e-01,1.814220742802569175e+00
2.024246514861895441e-01,4.412008757300133199e-01,7.424853368026176348e-01,-2.101398178367443581e+00,2.112190121038515223e-01,1.801467224640781462e+00
2.016431564679626309e-01,4.381439722938386128e-01,7.280798898703849664e-01,-2.079053511785373676e+00,2.104016588325417492e-01,1.788729720952674240e+00
2.007122905985741501e-01,4.377516034682202295e-01,7.097741279653667634e-01,-2.055464042143248182e+00,2.094928455255459510e-01,1.776006384022107865e+00
1.996354730845130154e-01,4.400394821347832219e-01,6.875582241752130619e-01,-2.030635366368369610e+00,2.084934041706074381e-01,1.763295817128524678e+00
1.984125614510933722e-01,4.450274719279744273e-01,6.613990521073981332e-01,-2.004553786112832636e+00,2.074020597054682391e-01,1.750597054539177355e+00
1.970398572072280252e-01,4.527395772179471645e-01,6.312407614766307740e-01,-1.977186885187767418e+00,2.062153721519260907e-01,1.737909549758340555e+00
1.955100461764619213e-01,4.632037864442456465e-01,5.970059956241514643e-01,-1.948484606147602438e+00,2.049276388547336680e-01,1.725233174369966482e+00
1.938120764409188845e-01,4.764516260969191563e-01,5.585981276029630127e-01,-1.918381064195708419e+00,2.035307569636334024e-01,1.712568230489507126e+00
1.919309789102580932e-01,4.925172215836500222e-01,5.159050620993734793e-01,-1.886797447521348925e+00,2.020140476779545280e-01,1.699915480529862188e+00
1.898476412832867388e-01,5.114355794797657007e-01,4.688053771934690972e-01,-1.853646499944797910e+00,2.003640475515489905e-01,1.687276198535430982e+00
1.875385574250581222e-01,5.332397045368227895e-01,4.171778585310795817e-01,-1.818839261267079177e+00,1.985642796256322229e-01,1.674652247404719629e+00
1.849755931694181121e-01,5.579560579943160237e-01,3.609157706888304062e-01,-1.782294927999131806e+00,1.965950299640042698e-01,1.662046185226244255e+00
1.821258381326150144e-01,5.855977915194576777e-01,2.999474053068825752e-01,-1.743954820299565389e+00,1.944331748149632222e-01,1.649461400496454511e+00
1.789516505421977210e-01,6.161552422919228666e-01,2.342642997228943647e-01,-1.703801343251949207e+00,1.920521300257295172e-01,1.636902268345733713e+00
1.754110403602492096e-01,6.495835085419816579e-01,1.639575987024955717e-01,-1.661882232739518184e+00,1.894220226520422490e-01,1.624374305902005711e+00
1.714585527766498418e-01,6.857877622122023897e-01,8.926073331968865932e-02,-1.618338892138387441e+00,1.865102003390099461e-01,1.611884283429337872e+00
1.670467673857164714e-01,7.246084697969078503e-01,1.059244328055029827e-02,-1.573434954725817292e+00,1.832821683590417916e-01,1.599440222076718543e+00
1.621283658671271721e-01,7.658107134269047656e-01,-7.141136455442753661e-02,-1.527577647826612761e+00,1.797029399209781886e-01,1.587051191414878382e+00
